id,lat,lon,label,date1_red,date1_nir,date1_green,date2_red,date2_nir,date2_green,date3_red,date3_nir,date3_green,date4_red,date4_nir,date4_green
0,17.49080237694725,77.76339852413044,rice,0.097732359727644,0.4227599358863008,0.3053517847264537,0.2062281005420188,0.5935982642812764,0.32481318296065276,0.2832233312302268,0.7235200833793224,0.493789425984496,0.23588154755817559,0.6212831573416134,0.4356152922899031
1,29.01428612819832,82.86576436884707,wheat,0.22952967195429752,0.5670930184069661,0.42002279371902934,0.25671742402193987,0.5817146339352215,0.4397292485491475,0.34478065706878563,0.6799493269444389,0.5072802141579579,0.27495568544245635,0.5992327706342402,0.4784493138501131
2,24.6398788362281,79.16505780983033,wheat,0.19358033467323474,0.5634312568005195,0.40050665226340476,0.29092421289921533,0.5943908609104366,0.44704633358149454,0.29186629196872294,0.6370513906184586,0.47563934946015823,0.2658372826690862,0.5469277228533265,0.4567307318217537
3,21.973169683940732,80.91233578631869,rice,0.15741790921627322,0.46820841728815793,0.33899980478213715,0.20923029960203343,0.5476530802282445,0.38712638595831994,0.29162114441898973,0.6943521599474107,0.4759260743736877,0.2692203685012391,0.6557022325390742,0.4848417644467993
4,13.12037280884873,88.8292961755305,maize,0.19998937502727634,0.4918503466902184,0.40169630694488623,0.2509174175687217,0.5781470740041961,0.4098852620671902,0.3347057992042735,0.7087553383013457,0.537387935871281,0.32703464396282084,0.6250495325838192,0.4802303895159357
5,13.119890406724053,77.72205275601549,rice,0.15549038619184385,0.5100489547562568,0.3206789255803061,0.16713441833463313,0.49474306681126434,0.3964761823407288,0.2896955644737462,0.7357933883755308,0.4602140199674336,0.25256742745280875,0.6928964135469077,0.49213241501208416
6,11.16167224336399,89.22381127647829,wheat,0.19851608871042703,0.5692816827960263,0.3645404359677642,0.2537567350794372,0.6016994977469132,0.44488643806002237,0.2993589811695469,0.6621119027100983,0.5320357205725902,0.2206210056887264,0.5791586060673283,0.40665626129188903
7,27.323522915498703,88.10701283912127,rice,0.15019911360440907,0.521803635825733,0.2778331083843114,0.1735773773119181,0.5767620279919516,0.38181103436594666,0.31851450579560686,0.7306454617834559,0.44664384206763325,0.29961242029351504,0.5942623844650416,0.39776540946951067
8,22.022300234864176,73.91582269578593,wheat,0.2202445847649981,0.589874575903973,0.36452226887044714,0.2371178337662424,0.6158907826307018,0.4602042157245597,0.2775836496255653,0.6492741318082725,0.47318017558556136,0.30243730768352606,0.5877215268566068,0.44739514335296016
9,24.16145155592091,71.38722601750331,wheat,0.16631833935313106,0.5558956350910441,0.36535094846347854,0.2536689250909685,0.5978850366582272,0.4304306467611112,0.22727279219181173,0.6228889441780961,0.4537477969926861,0.24781770922780583,0.5842773480619622,0.45494665245490357
10,10.411689885916049,72.01556002754853,wheat,0.21147229238552154,0.5712701127276554,0.43730243950682524,0.2662989408710916,0.614595049314786,0.38609504156132457,0.3265213618908315,0.6597307784516481,0.4295885682216152,0.2871774059233345,0.6045706461610116,0.474204471155638
11,29.398197043239886,70.364436513031,rice,0.12872266915988273,0.5013164730689336,0.29045020622548956,0.2539617505505394,0.5323032304673319,0.36527795474373087,0.3188495675445087,0.7275674456397498,0.5099880901613056,0.23376693054980247,0.7060344630538354,0.4593389540798719
12,26.648852816008436,71.88885921511857,maize,0.19387773878561854,0.5502035627089561,0.3060733469402225,0.2002649633844359,0.5943832455425819,0.3544847890998496,0.35103323035117523,0.6888436853746808,0.5516217331334772,0.3430792616850014,0.6484607026508197,0.5094809044681357
13,14.246782213565524,83.66013546832714,maize,0.1282257981362821,0.5402138315537104,0.3542089623043436,0.24563575681199848,0.6062355122239756,0.42251737502565295,0.2753501793976103,0.6710617255361716,0.5091489078923122,0.25403261744340944,0.7249229504953888,0.5159242088816398
14,13.636499344142013,71.42377296920458,maize,0.15967306042993035,0.4610125628921721,0.3122085661005538,0.1872419829881406,0.5605070431945519,0.38751416785344234,0.3302525476299845,0.6828772008533228,0.5359009443749224,0.35046208470187895,0.735731070306132,0.5052153540072383
15,13.668090197068675,76.37951260587522,rice,0.1248329873969008,0.492880224684052,0.3259604002864222,0.17794396895710263,0.5709606644055113,0.39274326455255565,0.2963266105702104,0.68621029683181,0.5073393557091868,0.27882818892685496,0.6936712265610948,0.4936558451438276
16,16.084844859190753,86.89750621938909,maize,0.21582328209142115,0.5248919725363752,0.35666537939026743,0.24670742502509527,0.5439039743383256,0.36609791982878925,0.363605261376634,0.723282254154989,0.4704284936617245,0.333785337109859,0.6768970632712915,0.44240567024886746
17,20.495128632644757,70.46543871471651,rice,0.17393109590639722,0.49138918945157894,0.3176279797440633,0.24968624756171887,0.5507563260262025,0.39540661081430073,0.3053740861768879,0.6676047265665553,0.5073209057531999,0.251614776101104,0.6462070615250858,0.45439963113059667
18,18.638900372842315,86.28936965177871,maize,0.15056503406580954,0.5243418966347477,0.31243940465541714,0.22515518019380593,0.5487386676327068,0.3864996142601256,0.3205311789723596,0.759859224847447,0.561293669365088,0.32332575309665207,0.6428284189242007,0.5098146887192044
19,15.824582803960839,75.637095495468,maize,0.16606787213071836,0.4655521013374215,0.32747899559184745,0.23659753659954352,0.5653839123641522,0.43771447650587714,0.3517695266476879,0.7293955342159494,0.4881552033267441,0.39140586587158677,0.7428753050542748,0.5713759311819173
20,22.237057894447588,72.36329655243313,maize,0.1938618267975569,0.5245633293126458,0.3311473025728628,0.18473216183125446,0.5694423604655047,0.38393994738951326,0.3634061750240809,0.7018048983535278,0.5801025948528699,0.30975197943628346,0.7278332717524759,0.49419882193729053
21,12.789877213040837,83.93474330728301,wheat,0.2049935662463917,0.5473079291713833,0.3864580635669466,0.25146580210977115,0.6019342324443036,0.43699063855257925,0.322105316912773,0.614628806265206,0.4209058097123216,0.3422224800924992,0.5753274020285339,0.4874162205970512
22,15.842892970704362,82.57885693559768,rice,0.14348344204874536,0.46331643759717656,0.3026262767109276,0.19270816403357402,0.5037064531617139,0.38422210709159066,0.2954218765727433,0.6815923718391161,0.4861402166094383,0.2552508356597101,0.6763017248361544,0.48187190935007096
23,17.327236865873836,87.54944027054106,maize,0.20350171527847785,0.5461379575523766,0.36927450158034125,0.19314790473170185,0.5569001180140762,0.41075360854628856,0.339723523974267,0.733677125855121,0.5250963971810064,0.3179077203280491,0.7003684096328671,0.48315768706434037
24,19.12139968434072,84.70142087607772,wheat,0.21477353792024448,0.5932035164634842,0.38790124941573206,0.25121775073611646,0.5407360030093838,0.40545929318624513,0.29156017328645356,0.6856303816538469,0.4274759217098353,0.2524184622524073,0.6336309200197341,0.40954717424516396
25,25.703519227860273,86.06961860769697,rice,0.16949074964608435,0.47609819119339136,0.30557498631464064,0.20006863808430514,0.5549288429611171,0.3502616324869572,0.2661649080389615,0.7058872282200016,0.5322080423767526,0.2544843832052237,0.6600944318071899,0.47053496402881256
26,13.993475643167194,75.64069145142614,maize,0.17245383341866513,0.4663236558126676,0.3675536333182724,0.23791684654760153,0.5411165000725031,0.37807131172853575,0.3551139131298971,0.7062272906934303,0.5286499905420646,0.38974659906614206,0.6556279295318774,0.516200456791342
27,20.284688768272233,73.54879087559446,maize,0.16207469415925074,0.4724749153695721,0.3026284787066084,0.191549559873274,0.5663163751757743,0.42273765549770853,0.3211180230414616,0.6991619889251056,0.5161679828174648,0.3050381608545043,0.678529119774859,0.5143713463139972
28,21.848291377240848,85.01229503281716,rice,0.13344253941627332,0.5300720857747899,0.3408850399147787,0.23211095480689792,0.615886694264584,0.38329802296533544,0.30269694024739424,0.7163736014059706,0.47547644516245546,0.23462980686517662,0.6968997110531605,0.4702498069585788
29,10.929008254399955,86.13669478534528,maize,0.22267109585095524,0.5305298440053051,0.34164802332999544,0.2338961887629737,0.5854427986034191,0.4205652321637061,0.34380166160911857,0.6853691199530104,0.5263588337823376,0.31349654151190387,0.6751891975686551,0.5407820549624924
30,22.150897038028766,89.81010284001347,wheat,0.20867505931723457,0.529708230938222,0.40590850362095526,0.22894024936579735,0.5718199381854373,0.4091414995475073,0.30200972151674615,0.6360614810810482,0.48301379953034446,0.20409137431761015,0.6000062119475459,0.41567427466368984
31,13.41048247374583,78.25235353822853,rice,0.16543188228313246,0.4517232598262437,0.3044692228139236,0.2381567726581597,0.5647895937554338,0.4108644195247644,0.23816514793422217,0.6348528578571866,0.5186580771162161,0.2595770310227999,0.6894804942830983,0.4518605506579511
32,11.30103185970559,77.44036171585566,maize,0.23216698991392737,0.5081448593247695,0.3187126043575248,0.17898586580619263,0.5978508839750669,0.4554582649988923,0.36830648508767666,0.6674451357974484,0.577555940354441,0.3255892372970745,0.6899255391384673,0.46726395532273335
33,28.977710745066666,85.52825921483993,maize,0.20936574152345386,0.5165442882571857,0.30224485267973994,0.24544522638000005,0.5632773084067503,0.3947330816350235,0.354709188829053,0.7083022888032167,0.46036574030394756,0.3552220344638865,0.7235300431439401,0.5269414075772498
34,29.312640661491187,76.81607080506036,wheat,0.2736590041973268,0.6040282129873245,0.3821636747707954,0.23011297247347157,0.5956773733283515,0.4425909205626528,0.315478176531123,0.6560347896761852,0.490261750696898,0.2714198733435967,0.5997209903658416,0.4022726642325615
35,26.16794696232922,88.61514651207129,rice,0.1990983411194819,0.5284433637212955,0.3173572626791278,0.19667562319162737,0.5482744674098361,0.3571011282416481,0.3116167465688765,0.6997566039516474,0.4888377131503137,0.25812055333634537,0.6179978783045098,0.4235025758759287
36,16.092275383467413,87.16825503686024,maize,0.1825595442769507,0.5102176764920149,0.33348948848726884,0.18302430055694474,0.5676100653356969,0.42005964414273717,0.3324040619130819,0.724741604697604,0.5733089615826455,0.3362340752205994,0.7063825112341221,0.522712661837544
37,11.953442280127678,78.57988054750037,maize,0.1557520283507722,0.5117208776278444,0.3307455163463254,0.2365689981303857,0.5521990507345806,0.4029420261861683,0.35672649212872376,0.7171012898995532,0.5451407044330512,0.2912212395854321,0.6476787176904573,0.5007356038917836
38,23.684660530243136,85.01742135582995,rice,0.1775849740117835,0.47033915536523824,0.3850980976424163,0.18835270839435383,0.5822603020587069,0.4379381801739729,0.24416431180701897,0.7047426767596955,0.4717494770596199,0.26723720745220186,0.6776178724039253,0.4263540955772492
39,18.803049874792027,85.09085748169365,rice,0.1476275854535056,0.5197629632728523,0.2772895208934823,0.19832238654433362,0.5563200539560934,0.35923107198043847,0.28857409860384203,0.6916736723105334,0.5077759092195329,0.2625351543707859,0.6538311643907027,0.48128057543365954
40,12.440764696895577,72.06247737671865,wheat,0.18086780047246054,0.5487952614806697,0.3672287356253789,0.2079218418460092,0.5637091577147667,0.46214849214300907,0.25312362429340374,0.6584986361463843,0.427564278939036,0.3130287890499572,0.5901631585046124,0.43297940422679054
41,19.903538202225405,88.05105813359134,wheat,0.18407009134994548,0.5070767469364585,0.36910950452745067,0.30248730229560816,0.6179978618998861,0.4256381473020818,0.28412841967961117,0.6422328507888777,0.5018511494222835,0.33875042362661784,0.6046557205157693,0.45399075123339006
42,10.687770422304368,80.10504744895714,wheat,0.18130578420725707,0.5538431324473237,0.3728519622175781,0.21268410293826145,0.6459225249703109,0.4342649903779689,0.3238279403886548,0.6676008140442583,0.46050816844949677,0.24311351216642751,0.624752947940029,0.46962003549767306
43,28.186408041575643,86.52914932215484,rice,0.16771596911067782,0.43779554971507384,0.26444471805276026,0.21013872584696355,0.5562860269078839,0.37597221040020407,0.25464538124721525,0.7387382151704763,0.5022890835605198,0.28393983648836707,0.662484977115543,0.46058374766556653
44,15.175599632000338,76.40099202061224,wheat,0.18333568642519238,0.5295684502757536,0.37388333290470477,0.22921284406612277,0.6365628555509195,0.47606644833905715,0.2623713173049225,0.6357528903013243,0.4794037903595665,0.2949009766970957,0.5739860935286729,0.4377214692907243
45,23.25044568707964,87.91046456992402,maize,0.15508666780330305,0.4602058361506675,0.41280149459036564,0.23876892800938002,0.5790568248887566,0.43887615345589037,0.37143829371909853,0.7075209921615793,0.4987893505642835,0.31403494310618435,0.7212948935005862,0.5151606195376507
46,16.23422152178822,77.78403357468326,rice,0.15278004476409363,0.4975771260349395,0.3435076899439582,0.22673911060609267,0.517251244835227,0.35482543211980994,0.2966016694922328,0.712653402227526,0.5007091827780078,0.2877052584814211,0.6381548429709055,0.45584463266178327
47,20.401360423556216,70.21675302960597,rice,0.16023640554084184,0.45789689592157135,0.29964070816117694,0.20012689576982456,0.557015440773688,0.3816981250776078,0.27898224322216275,0.7393057572424269,0.49243835266168595,0.22848130034516598,0.7124441120736251,0.44728329873032946
48,20.934205586865595,88.10763952838528,maize,0.1956754231579727,0.5314195311986435,0.35298879476082085,0.19909684544711276,0.5545471409742755,0.37843502837173804,0.28850176164267566,0.6916276181790966,0.5027406282085228,0.3117793670036337,0.6893939642003947,0.5358837244479507
49,13.697089110510541,71.82573353572268,rice,0.1502316684355449,0.43754198424227436,0.3104528741677214,0.2185665889406946,0.5810633024925084,0.32273334922094177,0.23215732125510005,0.693521184389493,0.48886320754849505,0.28606317501772316,0.6912018545970773,0.4508443346355775
50,29.391692555291172,76.38627275180829,wheat,0.18087838618080448,0.5752193064696618,0.3968288863091094,0.22844778203292407,0.5935967138720938,0.432222595384657,0.30880673796499886,0.6761389189237174,0.5233666188476627,0.26604068629659844,0.5802565053277423,0.4304045743023547
51,25.50265646722229,89.0012393410161,rice,0.15506994382343828,0.48655602127232833,0.29656530865606656,0.24915079196812823,0.5249181354369993,0.35861874603549837,0.2926209889305544,0.7281243247752077,0.5616511597861131,0.2244099071867044,0.637806865080811,0.4914073538346442
52,28.789978831283783,89.01214293875113,wheat,0.23567049593322656,0.5304212806209283,0.376558376574219,0.27684773130833323,0.6447217841054985,0.5030504934254119,0.25930254586129786,0.6096206095925976,0.5019051794759659,0.27682154937087594,0.5908882191367001,0.44455273976746223
53,27.896547008552975,81.46875776246573,maize,0.1925519466266605,0.5350876997728332,0.29867147497737284,0.2374607970125418,0.597193834397236,0.4223501593863184,0.3847722219486769,0.738247385750549,0.585291790816246,0.32768336864330866,0.7006119738757676,0.5311694614008535
54,21.957999576221702,82.63674424339598,rice,0.16636280059222525,0.510284153657879,0.3122059957769746,0.21143928836794354,0.5927348746374085,0.342236363989543,0.2626623766950187,0.7490519918358255,0.5255276993558852,0.2776356766441321,0.6199616817926931,0.4499426775439592
55,28.437484700462335,78.9689104395664,wheat,0.24261512743969565,0.5366144970035567,0.3969792023164674,0.24115150965123916,0.6044600237160633,0.4419652893689463,0.3139928994730058,0.6537913873863924,0.466944080562825,0.35933030041051106,0.5596238722958036,0.41494571295109933
56,11.76985004103839,75.86421543396129,wheat,0.18287761118751572,0.4933137780716341,0.3725785025967425,0.287432262180212,0.5898874208664588,0.3721771172253255,0.2989307555310755,0.7081678699717485,0.44826423323754133,0.23491089014814542,0.5754222642083551,0.5026861616508432
57,13.919657248382904,76.57329090739832,rice,0.1301992390125415,0.4546517568421951,0.36795614336289023,0.20934958568014336,0.5472488192756463,0.3790601504367687,0.3064344016244011,0.7393508034781798,0.5116848068495654,0.27859216354108607,0.6484298210706646,0.41976805860095295
58,10.90454577821076,83.45036912154077,rice,0.12952363519030066,0.43502952118624794,0.3440638537585436,0.15443267524729798,0.5233669146538438,0.4048334212652672,0.28003977066203223,0.6672357521971379,0.49335397474610165,0.2026604932501249,0.6730350793827392,0.4823095532662052
59,16.506606615265287,85.0474905887536,maize,0.22204795778839287,0.4931182776779592,0.3230567798748717,0.22781326790000667,0.5264240052419766,0.3941590811164995,0.3399123578395678,0.6804860424016024,0.506634793601718,0.34277530975889486,0.7239962257783581,0.47070942063778815
60,17.77354579378964,85.83158087451697,rice,0.11834372338506367,0.47724465706995134,0.3458667053566093,0.12107809589512811,0.5799289623076074,0.3943801856134365,0.29186262956164116,0.6923897176737285,0.5202147160179,0.2627893773958823,0.6672061753183868,0.4538537000840585
61,15.426980635477918,85.79236285589107,maize,0.19951350277608418,0.4986956915055841,0.37064149886288195,0.20383474431421786,0.5692111098264261,0.398074354686745,0.3627646979972069,0.7432808374153043,0.5003994846821211,0.34254617267663917,0.6466525925145935,0.5296047456026646
62,26.57475018303859,71.8241220609738,wheat,0.17502933280687316,0.5364308104225277,0.3773590557094827,0.22979528127268395,0.5815979200937718,0.44760024863313597,0.2515460455228347,0.6199900602618328,0.41044553796012084,0.2876121898448372,0.5857133737936602,0.39177016918645824
63,17.135066533871786,79.88840609405163,maize,0.13490759094720545,0.45406677492332836,0.4026532831860977,0.18974335947771376,0.5890332201757522,0.40275257453345115,0.3859174077093568,0.6899334894321982,0.5691194362709417,0.27671964737854793,0.6789252326388061,0.5030593418490245
64,15.618690193747614,71.15117520033289,wheat,0.21414246669159212,0.47728362020113135,0.3150539794640368,0.25836982486671406,0.5909259094053562,0.4364347515464833,0.3349421806337151,0.6296676508842545,0.4534254004227274,0.29403079515296304,0.6262316754213818,0.4455422173668717
65,20.853921663164968,80.9905776464747,rice,0.11199186686488871,0.4773769401366845,0.27751318832622063,0.21165127187690505,0.5413961729278519,0.3038502191742332,0.25127293134954365,0.6896450588365061,0.5055398432917435,0.24594511659919055,0.6975939847430473,0.4609418759659833
66,12.818484499495252,78.83061002746754,maize,0.21155842853168755,0.5154276426805351,0.29242050063286124,0.16112122924982264,0.5855150354896751,0.40756721189280026,0.308849789083086,0.6974269428794089,0.5451565862885773,0.3619182296268257,0.6640563634592236,0.5071862229404654
67,26.043939615080795,87.754083655166,maize,0.1500581811805676,0.5171617232514243,0.28360226844582864,0.2304895014189908,0.6607910099194149,0.3965131287063412,0.3287167699271736,0.6759964442815296,0.506862232703908,0.33757706537989873,0.6329642172390364,0.5071959097300508
68,11.491012873595416,77.01830025104158,maize,0.16848086184142944,0.49813426949002065,0.39612895526115344,0.17305591685913835,0.5904940007370372,0.40644139549511576,0.34134353912372883,0.7049579355934309,0.5414987492621385,0.3715359614278172,0.6904012993281476,0.5004927103360522
69,29.737738732010346,72.34134032855212,rice,0.12348151923338563,0.4964495888266349,0.2854653879034139,0.19715527306157385,0.5727854466245833,0.4362620895878364,0.26232003305717916,0.7146776360522897,0.49078614258322106,0.23723704226193876,0.6836975916654255,0.5082273491919853
70,25.444895385933147,72.85983364105672,wheat,0.18343330867157087,0.5024829152954283,0.40248983024107443,0.2249395884022073,0.5883546954437631,0.46369258262248236,0.2779622526960585,0.6654172354897675,0.46866609283516913,0.31257358974818045,0.6078768398700577,0.5007081865768892
71,13.974313630683447,85.23021263434944,maize,0.18750600618755084,0.5337306007961151,0.3516884253211271,0.22286032598323924,0.5498783620947396,0.4473435417268655,0.3264873943662671,0.7492593737543394,0.5042274194907916,0.34332594981872017,0.7553466965475327,0.5407512249132119
72,10.110442342472048,82.36436126632522,maize,0.23987002469351892,0.4899776830706018,0.31395121804370896,0.21209655351753254,0.5771360725873278,0.4295634905684565,0.4020480972751042,0.7354688426533187,0.5680246419526781,0.3630396887320729,0.6247976676648275,0.5024884612045236
73,26.309228569096682,72.0224535224558,maize,0.2732975566801608,0.5169381777768081,0.356038872583673,0.24037428326314586,0.5267126099960064,0.42607463777490684,0.3242968371851962,0.749352663360841,0.5668411289461939,0.3439963593435038,0.679031581668516,0.47141361614850497
74,24.137146876952343,71.68213612229995,wheat,0.21898795453266534,0.5728124396843289,0.38539465427693975,0.31435447383320164,0.6051124866712646,0.44519544053809873,0.2756924268895686,0.6553874534581879,0.4453846141854645,0.2829394946041269,0.6058076973410264,0.44020399533679994
75,24.580143360819747,84.0193826291824,rice,0.16478387520412388,0.5084878371409346,0.2348276402154372,0.18455651975255774,0.541247241032244,0.38385839821862605,0.2662408409169675,0.720590606650436,0.48089307024202255,0.3005255699209702,0.6890870707725872,0.4593831832794848
76,25.425406933718914,71.45526012728386,rice,0.1332163745352435,0.47821754456182514,0.2957185753675174,0.20730590612559036,0.548205215694103,0.35170502578521,0.3057010744072767,0.6748332197792278,0.48757247987011937,0.24038962578087744,0.6698056620183132,0.4686755101935618
77,11.480893034681808,86.43720118580713,maize,0.19820169177408548,0.46941006983923655,0.26092756782949367,0.21093863501530408,0.5775820075210971,0.38633381421928387,0.33333359661539397,0.735664276378018,0.5509601859646582,0.37038677268608244,0.6992162880522432,0.49319410432090816
78,17.169314570885454,84.12484454312992,rice,0.1754084339269329,0.5356650994438279,0.34870109559156975,0.19818788812409277,0.5648068061300288,0.3797138375697282,0.3303213126341647,0.702035155417508,0.3948872279236583,0.23580869212645852,0.6183210380936703,0.4246322952610503
79,12.317381190502594,71.626975612838,rice,0.16104141246257686,0.48672704233605874,0.33550839547245115,0.23383340751901696,0.5587269117277002,0.3802856946750808,0.25584484744771374,0.6394021800353159,0.49631802517892926,0.2622708482001528,0.654129044065593,0.4534099164294712
80,27.26206851751187,71.69675428170383,rice,0.10094487359685839,0.469607204819793,0.3133546021114363,0.20258332604776935,0.4901340465864479,0.35499453849145307,0.31230544433973045,0.7432583501740566,0.4753457175966892,0.2805676923889525,0.69180269219726,0.47828578135625804
81,22.46596253655116,89.73279157002351,wheat,0.206087690625539,0.573574004759525,0.40494030329578956,0.21437204742911461,0.6048172194314959,0.42084632048048676,0.3060170759169283,0.6605189029782068,0.47106229098723085,0.2892415161851231,0.6255269388650392,0.4342988289499552
82,16.617960497052984,77.4854159151224,maize,0.17450410143838835,0.49929343547377286,0.3401012651979148,0.21011656640958726,0.5550083182899772,0.37332277515315027,0.3561316709480893,0.6868899051440889,0.5458498318374104,0.3456675190805334,0.6836923460496854,0.5103608415043143
83,11.271167005720473,77.41284294133781,maize,0.1960351694544165,0.49476937226291495,0.3498346351852925,0.24195612112864887,0.6074617082668048,0.4286590167471325,0.3139355142177173,0.7100763232701732,0.5878356437460212,0.3270625426067129,0.6766061584245279,0.5418764435289115
84,16.219646434313244,86.25599134515005,maize,0.20662966277621508,0.5067592376612282,0.3677281041861349,0.23005174087252353,0.5635137917621339,0.4262814037758938,0.3381295786473121,0.6965940261264761,0.5349905898216467,0.3981730416134065,0.6410235090966253,0.523092840548465
85,16.503666440534943,88.94497154767717,rice,0.1796492675266507,0.43165297922691515,0.3193309914884584,0.17759230144789498,0.5163626877971683,0.3809375000202623,0.21490967746822898,0.6846287727796991,0.5377800999484865,0.2557505424196962,0.6584543121442606,0.41333878798476276
86,24.59212356676128,89.72002127645742,rice,0.1843239593677513,0.47212021439051494,0.29933343372273785,0.22970498716877868,0.5778822995437245,0.3567758313713908,0.24417431796723135,0.7016759181953348,0.4905803221243526,0.2949911163700776,0.6750927110587124,0.4660253527934713
87,22.751149427104263,85.06756370517883,rice,0.13018411975495442,0.4699083916376659,0.32614276647205354,0.19348606775161395,0.5460359023329536,0.36286914021929934,0.2512366463143968,0.6907105085803581,0.4543310974139511,0.27592926985892274,0.6504375505426161,0.4630237321793442
88,27.74425485152653,77.52519171061832,maize,0.17037997123328424,0.48891419213499926,0.30958312143122385,0.22948467871548334,0.5764970225261425,0.4441801202725294,0.3595235978375052,0.7599172471211711,0.4995437762373759,0.35667111366839677,0.686983602288205,0.4794839416375887
89,19.444298503238986,71.67001433397337,wheat,0.15452767655008304,0.562763726853549,0.28811233865418934,0.2592946213068108,0.6000913806046024,0.388271052911319,0.3344591204828614,0.66467561390443,0.47730555648876305,0.2682505429773463,0.5958788463480181,0.4292766373156872
90,12.391884918766035,85.54293831854874,rice,0.17260574628684974,0.5088091438884441,0.34297634838441843,0.21579610051016923,0.5342880609168574,0.3544116259273475,0.23942473931677835,0.7343808272504024,0.48850359537615645,0.1946536604080571,0.6291056445437446,0.4612386236676232
91,24.2648957444599,81.1680849947161,rice,0.13430505287772404,0.4938745087220056,0.27152339637768586,0.18567767881421599,0.5092427795422758,0.3320198613078104,0.23249234830637264,0.6148748067580786,0.45861636744812484,0.24411599109478976,0.6562996780786167,0.4911147669597473
92,25.21570097233795,78.48444018493953,wheat,0.24642515603990187,0.5209907157061237,0.4376512411434218,0.26901330642796295,0.6131081450923904,0.41872930228141925,0.2695253454306481,0.6690416440568531,0.4682543205457576,0.28807380823735323,0.6117139454978666,0.43458824954712777
93,21.225543951389923,88.12708770189472,rice,0.16293011130245005,0.44461892635102146,0.32898943063512043,0.18050519343507693,0.5176079103617246,0.37937509410646153,0.292389967364134,0.6995016897302226,0.504202222471374,0.24314473701944905,0.6692714232909797,0.47003315544545565
94,25.41934359909122,72.22394964612303,rice,0.12206504779135104,0.4851676315923311,0.34797304612864,0.20252504690557088,0.48934604080114164,0.39255898309549014,0.2735779690681642,0.6968254372750691,0.49872842093018455,0.27438082860288265,0.6403293684161567,0.5043421569506933
95,19.875911927287817,79.85250208581718,maize,0.23385634067736966,0.49605582212984994,0.3425706148421007,0.23407802769425579,0.5609332647578679,0.38188058122092305,0.34001418786852466,0.6840963406072106,0.5484842173849691,0.3472123326301324,0.6572970806895223,0.5795556975003667
96,20.45465658763988,70.22707289534839,maize,0.18690212277574206,0.5247814151432452,0.3122372612182123,0.17393283630378684,0.6321655405555999,0.39311354033918955,0.34719839423300153,0.7468109306816733,0.5975814114861133,0.29171086750384995,0.6143023488506435,0.5129432593293394
97,18.550820367170992,79.37321283988253,maize,0.1949322926727418,0.4868970728828535,0.3476615126702295,0.24270366039960944,0.5703627170164626,0.35081547512423694,0.3341200366265489,0.7467886161032631,0.5045572152044243,0.2913507714760939,0.715837766615412,0.5432617221399705
98,10.508382534881903,71.12606551363675,wheat,0.25387633019286565,0.5485686593157406,0.3708123111553448,0.26241397292354496,0.6357193882435902,0.39948438637372097,0.3018503954954391,0.6832909952586868,0.4554999225752962,0.26970423173507774,0.5969033474120251,0.4811854542402959
99,12.157828539866088,72.37635832536144,maize,0.19997772756163384,0.45180268697783965,0.31313961032910925,0.23837406382040807,0.634976711304376,0.3882258668181738,0.30456589072457696,0.7748886060514826,0.5241561169991803,0.3387814644642556,0.7087515745952613,0.5004485669926831
100,10.628583713734685,72.3505249355421,rice,0.1062068064239627,0.5001459351518716,0.3075469913310989,0.20038485930631056,0.5469615784389541,0.3904465078822912,0.2913821619281533,0.6863909083722495,0.518735188933248,0.18125548830877666,0.6529286626542999,0.43019231453217893
101,22.72820822527561,82.98420604232128,wheat,0.18161633928546841,0.549891923827283,0.4082454845021255,0.24444137023366874,0.6284866240632397,0.4075842965058583,0.3128644950099172,0.6622945597078554,0.4800596401590018,0.29864715669568154,0.6079608704819889,0.3736441426601148
102,16.287119621526536,84.92089758530847,maize,0.19264759831843367,0.5524875171261626,0.32775697482519334,0.18949950614270508,0.6044245528635479,0.4298971153173834,0.35964779634017713,0.707709402221115,0.5474933811430435,0.33436563593304724,0.6815498293055324,0.5210007773411635
103,20.171413823294056,81.6673753019432,maize,0.20516821501408836,0.5414436223607146,0.3101255381562931,0.21267758578977397,0.5944620018200616,0.38600513862315405,0.4026479921494172,0.7413696647874048,0.5333828545298277,0.3115763230497505,0.6868722406461711,0.5301840551355521
104,28.15132947852186,89.24345096949084,maize,0.1614824044035923,0.46123211914683143,0.3595340872547097,0.21882078137117106,0.5910619944195256,0.41921439385602466,0.3505520489235031,0.7884495550961652,0.5055308925886804,0.3342294809883618,0.7122295403814669,0.5415458413526277
105,14.9858445829775,77.49741159047409,rice,0.14851548431161093,0.525840940781635,0.34102101836361753,0.214394811061005,0.5320468725825687,0.399597757579057,0.3007141805836454,0.751786796369069,0.466273546249163,0.33647029126153166,0.6318161027404205,0.4640777370165505
106,18.207658460712594,75.71424172563721,maize,0.16325094738161908,0.5206912341573559,0.3657535334996999,0.215965096467948,0.5918139189464875,0.3942849068200656,0.35675792351742647,0.7014707496919891,0.5686557356869141,0.3776588078413079,0.6867301897033425,0.5367210491613468
107,25.111022770860973,87.3719825637892,maize,0.14699537301084914,0.4849107568834597,0.3329613829012776,0.23001579899705604,0.5221698226196316,0.40972171084664677,0.37078168265350575,0.6739487925740292,0.6046012216605177,0.35086207423650895,0.7071205266428395,0.5311659100021894
108,14.57596330983245,74.47191677038906,rice,0.15628813161175492,0.5066251190224218,0.4044396333341766,0.19194062740070775,0.5210023632704406,0.384730206300446,0.287968509795176,0.6733801162343268,0.49102024288684437,0.2759307828468263,0.6935773475269229,0.46253400359169844
109,11.53959819657586,89.26445078881223,maize,0.19318503691860678,0.5079046164599318,0.3411471398488008,0.2629410034549355,0.5716334981754773,0.36556925830552994,0.31192008510359903,0.663599698982767,0.5408839437707171,0.29576974470741785,0.6710755339737845,0.49554739806417675
110,15.795029058275361,70.24308949379633,wheat,0.18836895320192049,0.5152490593242237,0.3438028221862341,0.24610537900799723,0.5554530609465029,0.44265735213261825,0.32079316821789433,0.6427622703614437,0.48825821948708226,0.268911689918691,0.5825172402716525,0.48600301103888977
111,13.224425745080088,89.39757653415278,maize,0.2033680951053634,0.5088267238704048,0.2965422575609936,0.2524530018301849,0.6053547391355296,0.402556283489017,0.40107543974388815,0.74138136086584,0.5078779513079199,0.3266547351857117,0.7193595121572185,0.48784761874131816
112,28.59395304685146,70.86319823901152,wheat,0.20857596172174717,0.5951019490530146,0.3933832171518771,0.2513143441593733,0.5233823659529413,0.4750971351305422,0.30529324665831675,0.670177211036082,0.4422880276767146,0.2913130118170656,0.5268354852517071,0.39728128542649566
113,26.16240759128834,87.82286227396142,wheat,0.21003370369961077,0.5763208687172702,0.3433975331047903,0.24558993995114534,0.6280295973371782,0.43684014589468945,0.2889891648275003,0.7069964580468565,0.5173279713923881,0.27912211558945066,0.5959716251344108,0.43200043012296757
114,22.66807513020847,80.554022181726,maize,0.19373318598455658,0.49296776599051034,0.33100970055979634,0.1806334241970578,0.5785330844957768,0.3102659208729783,0.356069863892684,0.6635054937582424,0.4885311842483957,0.3058510055744232,0.6896235717779806,0.5149782253097259
115,27.429211803754356,89.85929592238601,maize,0.2302347730004261,0.4764870300324081,0.3384938614887476,0.23866209970918145,0.5378443045958927,0.3943931152551404,0.39895570697267324,0.7088304284118623,0.5427392794366354,0.3183690025077432,0.6858215583081763,0.532993842170232
116,26.07344153798229,71.47593129470798,rice,0.14806960919156187,0.5028253996293444,0.3168697162103932,0.1449092064868881,0.5479562972449614,0.3590182350534929,0.29973289528451125,0.7231538853170698,0.44904934613720093,0.26446630411753075,0.651166327272359,0.4279223651873476
117,13.731401177720716,81.07708568802641,maize,0.17983211943512858,0.47928376843051224,0.4186237927308992,0.25986799958606227,0.5784278664826759,0.3510858026885458,0.3280090101342803,0.7331193956111688,0.5681163202994877,0.31759153003111074,0.6418981673386391,0.4983183789767018
118,27.851179969799556,89.38605071238197,maize,0.20006224966777536,0.47251424253556273,0.3066409892267751,0.23160425562067607,0.6311231654876647,0.43617983549640443,0.40454185767673473,0.7255552661048974,0.5492550323948614,0.3156706325218799,0.6886086756290513,0.5369551589714316
119,20.786844838313016,80.46195688340298,maize,0.14724897371582057,0.47504533375308666,0.3839253171625731,0.25272941275557903,0.6174067514660415,0.4233222205829353,0.37325466482104347,0.7327633459255252,0.5349278847724344,0.2923459388407982,0.6550413524751665,0.5485785023645854
120,26.14880310328125,82.58797276270525,wheat,0.21975632818018492,0.5433710747851102,0.35628693117912585,0.2789163735038473,0.5589936390475374,0.3891235081389445,0.2751722933805384,0.6460209876085228,0.4720423560314721,0.3137815075231651,0.6426824440829981,0.42712266739104016
121,27.921825998469863,83.91497377969235,maize,0.16838700892576797,0.4979846512985193,0.3699057632039742,0.28036811337102296,0.578139879719019,0.4140001294589824,0.3665912025755707,0.7266686956740256,0.5173218504463207,0.32617035955445434,0.6608515182041452,0.4775103724277974
122,16.360069499437277,79.09082129535547,wheat,0.2603061361629905,0.550806575169836,0.43242094061600356,0.3163156900477405,0.5932570379432195,0.4383380800466042,0.3025843164913912,0.6207641208598808,0.4755654886883454,0.2784581882923454,0.6277864620672478,0.4576565980931216
123,12.201038490553536,82.55116160168127,rice,0.12447908325332321,0.48180257983845487,0.33179921150015973,0.18701678349234835,0.5609191189255822,0.4001899159329357,0.27791403141273197,0.7106875836611825,0.5110448434577414,0.2954470314925744,0.7035826663537855,0.4886888500627404
124,14.558703250838834,81.686286238462,wheat,0.19469158317517854,0.5562514842384266,0.3692795279770996,0.233275246449765,0.5648966092182192,0.46089894459936953,0.2678358296404318,0.6832124200786092,0.4962464326976967,0.2268090259537936,0.6289619245377351,0.3920562694434876
125,18.542155772525128,88.02316020981978,maize,0.20086613272697332,0.47852720032667745,0.34841909213470407,0.25071128638320944,0.6085434783117426,0.4456301868147814,0.3570207336305944,0.7583659743994018,0.5022350910184572,0.3131817708945807,0.6555387311505164,0.4798923788861116
126,26.36029531844986,70.90892760682915,wheat,0.1760510826638464,0.48874795394727133,0.3815229861953917,0.20890591061262767,0.5459405868725994,0.40670651287041854,0.21235948549516176,0.6463885650813921,0.481996483937905,0.3178576450214198,0.6370839216541865,0.4538651799824583
127,27.214611665126867,75.6192637918446,rice,0.1480030281360659,0.4916493601627035,0.29785828749015825,0.2238145540143145,0.6127959379662984,0.33427447380474196,0.2443901983508277,0.7378455775760654,0.5055661354132036,0.33030962158437877,0.7058624355162273,0.5297401991755846
128,10.139042610623815,89.00822968153118,maize,0.2054730633222943,0.5204615619713786,0.392758614525854,0.22747925786925186,0.5690047893889584,0.37153250437525487,0.3425441414577665,0.6914305085778361,0.5600425397897464,0.242116539299932,0.6480129520430233,0.5007887482328399
129,20.214946051551316,87.80527567781833,maize,0.17118099157007452,0.5446173846600778,0.35116316417820587,0.2513526542225426,0.5288838523951984,0.4524208959374667,0.38601594975421616,0.699690145846244,0.5624131486415674,0.3915891607350499,0.7437431420905088,0.514228380045676
130,18.348220062975578,79.11313505571425,wheat,0.1586204231595642,0.5425846785243822,0.4011020319206626,0.24735153854946235,0.6162438818461436,0.42097948499981247,0.31309679412473,0.584819913619579,0.5035940990173974,0.25282803097412143,0.6026597277288431,0.5007292886986056
131,14.442156209414605,82.40265195603074,rice,0.16807884257742203,0.5174851470211848,0.32543753487806154,0.1910787176227068,0.5046434974131037,0.3479798585246256,0.31173442542462393,0.6799843274566748,0.5048741506308271,0.2861223993376521,0.6575686210583477,0.4594898177654851
132,12.397307346673657,75.54762365962266,wheat,0.17807209880174243,0.5295404725600661,0.38987045663917813,0.32739128012962954,0.6227746548090793,0.4254406458418759,0.32711804523258586,0.6754226503145127,0.4836137249560547,0.2603870098405354,0.6059194712221678,0.3991047798622157
133,16.75230342807256,73.76242319447523,rice,0.15865320909632388,0.4400166780756105,0.3338081487494691,0.19260849792456358,0.5847814312990157,0.34607399785730264,0.2623266360165662,0.6780109330262872,0.49004857094070825,0.2884643928941486,0.6297465380235795,0.475150632648213
134,28.858194078250385,79.27396809879964,wheat,0.1990061908137861,0.5199513997031526,0.3795125671543073,0.22588976296090807,0.5827046879781984,0.4014530506075328,0.22911202693374483,0.6339401544213823,0.45662687876078684,0.26213016117869525,0.5814704431369695,0.4456911850283119
135,16.464058640415104,77.06704456052105,wheat,0.25383673590553363,0.5415669912134214,0.3859488300739868,0.299173504163322,0.5222687312356527,0.44444841301531574,0.26970807885870185,0.6472840015308752,0.485845105756183,0.32123314279512455,0.5905178143191885,0.42014053466610174
136,20.37581243486732,81.67312223701744,wheat,0.18447166102891488,0.6039305958054857,0.4471024675571482,0.3003310244222932,0.5836126665524255,0.42137155554176653,0.31857462783015594,0.6599594099170705,0.44068821378038014,0.21592977358063917,0.6184731344931342,0.45277661618579107
137,24.060379177903556,71.5546927392997,maize,0.177852022444258,0.4825984027588987,0.3516747758700378,0.22434663499290675,0.5522660203561134,0.42796574692781153,0.35421079609544137,0.6968202166418752,0.48862810639927795,0.3626630896265002,0.7199401718596521,0.4892629895869885
138,17.27259204758588,89.48789615332333,maize,0.13446378759957572,0.5071821350160614,0.33840638040947363,0.22071709129854866,0.6268866630552459,0.3929033413834316,0.2909879088923854,0.7449057543558782,0.5826951693454204,0.31871097825225014,0.7376110250643279,0.5455660803660143
139,29.435641654419214,89.72421488959206,wheat,0.20671363854916697,0.5692252858380104,0.37327143608899244,0.23339235274876016,0.6117541201620764,0.43758597331721083,0.36172486409135096,0.655714990393372,0.47825679117329567,0.37413245600979983,0.6361165331150644,0.4405744333224726
140,29.248945898842223,83.9632342803949,rice,0.1654750309179764,0.4695168201834913,0.32584527020810417,0.22959129517717813,0.5791930468304523,0.4074016817741793,0.25193211103712726,0.732882097224322,0.5024431867236637,0.2639207007339315,0.5974230636679999,0.46253555427445986
141,15.035645916507283,80.72192732688241,maize,0.1692891239758017,0.514990553309088,0.3767070664725588,0.20945757292858802,0.5717802075451208,0.4340686044154883,0.3164844061487899,0.7470119576518519,0.55222213662682,0.33056457149221796,0.6433131494133332,0.5177220058455535
142,19.94497011784771,76.19055232572656,maize,0.20671149490559357,0.5141600681275782,0.3728940770143265,0.26690240076496324,0.5726984806187494,0.36681119462765094,0.34442462743421753,0.7335367595795552,0.5769878393543737,0.29485036958047317,0.6821376124973269,0.5061834114472222
143,16.017566196335395,86.27590039413897,maize,0.19725615048319697,0.5022786580374826,0.3212296813751136,0.19544714002173996,0.5710048541117535,0.3752645751541698,0.3592999694949666,0.7555048100066978,0.49473616754544647,0.380871686334326,0.6411947712438771,0.46192271428394416
144,15.696809887549353,83.69462345107759,maize,0.19501997164143628,0.5222804725507917,0.30042258416203693,0.2659710317403435,0.6371240976871901,0.381742308302809,0.3483023453330031,0.6846587739787086,0.49402527533753676,0.3869186608431934,0.6591291536840881,0.4655255255071748
145,10.737738947090655,73.25233878689782,maize,0.1814932106154288,0.5144674685804197,0.33391058087813025,0.23499592371221115,0.6287787674608618,0.3841306687580795,0.38656912369380986,0.770016723346534,0.530530920706981,0.33470081184739575,0.6524561904975028,0.5134302775084542
146,22.191286679597937,88.21854368987685,wheat,0.19950731311781744,0.5328646303065161,0.38103297140144904,0.26706949237555827,0.5556326529367761,0.398375234665937,0.3006238112302622,0.6712835545141712,0.47400310028066617,0.3116817042719816,0.59581661172957,0.42075539272867074
147,20.05358046457723,86.45074485846338,wheat,0.23565179820344254,0.5671774834406847,0.4065196318802284,0.29885189869385614,0.6055007975933746,0.4118762509902977,0.27815991176312593,0.6369354088829047,0.4687564942818238,0.2866971674238748,0.5864943220544576,0.4546361685461322
148,11.029575024999787,88.99599826583848,rice,0.13989654398637302,0.45682293753731273,0.28940914040873433,0.17864080318223233,0.526627217818699,0.40328365542420225,0.27466246372586806,0.7127596392499033,0.5381301732492578,0.25575422739899156,0.6158388878091963,0.4385924599027847
149,15.57292928473223,84.5143901677672,rice,0.19515153744148478,0.4913745935617837,0.32619085313976354,0.15371590345271302,0.556097078637581,0.38961915711134987,0.2526156724211046,0.6536518795996972,0.48144717228873957,0.24572613667985296,0.6187849552530402,0.40537719166593955
150,28.165317719333075,82.2683039187158,maize,0.18021189475884528,0.46287012733018107,0.3159988430680706,0.17802081475594175,0.646563407003444,0.3683032707171924,0.2914669440788412,0.7656971586513677,0.5500835328068557,0.36070591932556034,0.7171875201932469,0.44102213121535494
151,14.791237813339448,78.36486072581238,wheat,0.27580797277620867,0.5919806630975801,0.40816577798873954,0.23862616777037537,0.5995407045248101,0.4466714407348331,0.29451310676685477,0.6653931739452825,0.47114387465683205,0.27835317998151143,0.6000158387656979,0.4941304432936023
152,12.897897441824462,88.65456966708027,maize,0.16019036581579657,0.5260746819316782,0.3380942627615393,0.23102947878974264,0.5752286436879984,0.4366924920128597,0.3543076380951548,0.7420686599173724,0.5888908246878088,0.3352586033680177,0.6681131096569473,0.5353791222893222
153,19.78905520555126,87.32127779000817,maize,0.20096485260607605,0.5266187251180022,0.37712314404052416,0.1569992047704513,0.5888687346624129,0.39223436798890504,0.29546062323838534,0.7734539672631318,0.5561823674144538,0.28989823683372207,0.7120513800108206,0.5002553846688303
154,29.713009082212015,70.90437340212378,wheat,0.1840739368123904,0.5777390104873831,0.4106109091668114,0.24389258919692916,0.6173787449880326,0.413815005437247,0.34124629257444555,0.6422135996724825,0.4185445286350708,0.2885666222457297,0.6180362024678734,0.43427288624818106
155,14.841105430230009,70.52733948994504,wheat,0.18531681672445335,0.5517889110976053,0.3941619066608755,0.2325495725815407,0.6035874110524245,0.47680891553700216,0.28062107462626396,0.6721643144266252,0.45853825276777116,0.2956336728513802,0.5566843555159937,0.46159273826444547
156,23.442710948117572,77.529267337561,rice,0.12471479990335659,0.5169066652695236,0.3638658781615291,0.1951810664142352,0.5362710025198716,0.40715789595635393,0.26747708854031704,0.6838208495661019,0.4941593555113025,0.23521664024856376,0.7013540888238452,0.43882679550713904
157,25.23239230657435,86.21106661563665,maize,0.1926291883316817,0.4771014168746426,0.3262809503473963,0.2387652405049311,0.5345007235173762,0.41057514905070636,0.372791368864525,0.6703013037696668,0.5277195616956389,0.3176452989310903,0.6981236266876556,0.602292789087842
158,14.752750879847994,89.74552258629889,wheat,0.23132482631207218,0.5305918966688328,0.3407098526180855,0.21955729807921398,0.5708079317735533,0.4130109144315619,0.2760242398004924,0.6684610245203916,0.4777853470342334,0.29935646757850176,0.5311145714058828,0.4012018112638651
159,24.56432697223719,73.00833782207056,wheat,0.22045674468878934,0.5709466994084077,0.4240029459690329,0.2305216736480198,0.6358971450499347,0.43174054177255655,0.285517694334539,0.6219368389386621,0.479795691759922,0.2966681339801035,0.5834838945152525,0.4113069086954597
160,17.355662654385064,81.8826143070427,wheat,0.255401219772081,0.5618045615626526,0.34060963820943935,0.21328179199713232,0.5952441128091909,0.4529777249561927,0.27140014175223864,0.682579463485251,0.44416974577222124,0.2826874204376575,0.5633786272225753,0.4541721883364113
161,22.64611661187159,77.61781713262043,rice,0.17462680891260157,0.46209077139836774,0.3334590729354358,0.1854747814625379,0.5555706574125622,0.34862151652764034,0.290321617646904,0.7115914796154418,0.4574162110245577,0.2393895770090151,0.6634747376168084,0.41824124857144807
162,22.670594215217896,89.39828795629207,wheat,0.21751784555977893,0.576855796600832,0.384079063957171,0.25102250404777676,0.599180863814702,0.38244902801200903,0.30368010947984386,0.6339210966465786,0.512971235225941,0.27407984739078023,0.5847557940705806,0.48452348085607894
163,20.71549368149517,86.84237846271418,wheat,0.18922123727638823,0.5690551540504591,0.3523717244994193,0.22690080306824076,0.5720019612278041,0.3721757356405767,0.3487403537540868,0.6742417339484343,0.44901475455356493,0.2754618014903947,0.5955665904354759,0.4506684004635698
164,11.805795401088165,86.76657409422276,rice,0.19545673278879885,0.4082908689759168,0.34885961567215523,0.1710126104074024,0.5952739304021366,0.3854578535958294,0.29045025217738385,0.7251329266463976,0.46395217115205,0.21948332106971052,0.6716881357227596,0.5111230623417735
165,26.70604991178476,79.3738631958994,wheat,0.21771964492076928,0.5814865814595801,0.37307584960221024,0.25701357735372243,0.5867015324642547,0.37923031056289713,0.30969237819348083,0.6610186194020402,0.504083716015802,0.2741527515894196,0.5864025477293096,0.4306082590843054
166,16.415601299434716,78.2963900467533,maize,0.19476056543978398,0.5011381350634281,0.33871529856065274,0.24655694448966972,0.6243080327835482,0.3828894590075895,0.3471662385667399,0.7042665559121204,0.5042089237700231,0.33395783900315873,0.7491091625631437,0.5742374875184834
167,13.730370207997085,75.46814143861413,wheat,0.23326110741748723,0.533942943653183,0.38486287230910443,0.20332313061389118,0.573455918579193,0.46287752310281544,0.29242939493621134,0.7051455103038538,0.48781583085615055,0.314013102906012,0.6435740260341223,0.4399787421627006
168,10.815502831095278,71.12750993301854,wheat,0.22461446543592092,0.5895218219690298,0.38464071646350817,0.2599264069664337,0.5948116182022973,0.4084442556232266,0.29124566193253365,0.6432960205288445,0.45561318070468587,0.2978067016684259,0.6098023429380696,0.40248776798090846
169,21.817858863764837,87.29444752510106,wheat,0.21521822093321893,0.555927988140772,0.38765762262705855,0.2750058688482677,0.6513512544042703,0.5017459785700475,0.25310427573910027,0.6395204961164541,0.5282593267782854,0.19178834096007163,0.6090142307883248,0.458135459790661
170,23.55128723684565,86.25802018260156,rice,0.17442724278246685,0.4676333776492659,0.3128896408996212,0.19473864632303928,0.5681681869789394,0.3712447671485051,0.25306509800723115,0.6796230804042113,0.4929343987927992,0.2577238564794493,0.5933873697319463,0.45654670918230283
171,10.331756578557123,89.99435346572261,rice,0.1539242731880551,0.5074042119605222,0.3424970071827113,0.21474516941740351,0.5652582511970033,0.40040646311654743,0.26536883881153767,0.6125723203054917,0.5231180064010572,0.2094599726832084,0.6240610071234822,0.4496224201285849
172,20.24186116598562,89.93273674147811,rice,0.14415108860011064,0.4961288970884964,0.3283780351464958,0.19972134315296555,0.5370907204013607,0.3715432730234341,0.3122299901431073,0.7156966955721109,0.48231157527245283,0.2657274957243113,0.6866123932933886,0.4866746147436342
173,14.529915503958758,81.10863411205256,maize,0.16421895471997258,0.520499869784332,0.34174068204425184,0.2022293213304384,0.544966613461962,0.34538190098354443,0.36258829916072355,0.6979408961795414,0.5719000171815745,0.3163635684376967,0.6356166733058083,0.4995565279225745
174,22.903455808188998,85.37974830361021,maize,0.11539971240386267,0.49372058541261915,0.3654529264661585,0.22370643087866748,0.5865032669128788,0.4081017207517426,0.324083511182307,0.7416443797127202,0.5060588372274785,0.32344040167694893,0.717776997193604,0.5018098899240605
175,13.48732858009983,88.89531459764856,wheat,0.23200024068767464,0.612257826178758,0.4234113380717594,0.19018793072285634,0.5588429657120593,0.40807257204027836,0.32649329331441473,0.6494174118233681,0.4391908950473056,0.29967702329589285,0.6186662143213021,0.4664699918697023
176,23.81875476204932,86.99294781354823,wheat,0.2350788677133702,0.529324365457313,0.3886060290454194,0.26122169709542714,0.5515931580636978,0.4305365390959111,0.29766488408961594,0.6409046065149717,0.5025746252083,0.2858420858415633,0.5658350064665769,0.4264372900150076
177,17.734706926010748,74.94696203486396,rice,0.1910826295313877,0.4928455874343173,0.29147267810938304,0.20920943218058713,0.50547830005227,0.36345171334769755,0.2948920035320183,0.6633903793016807,0.48292250412063625,0.25891008175872976,0.6686032233714776,0.4263474669143234
178,28.73459977473469,79.01088270620187,wheat,0.24146476973112582,0.6020789140949575,0.36767530094128054,0.2868300697741988,0.6441351098248083,0.47126329857703625,0.2945856025922812,0.6739982570582616,0.5050174695412893,0.2794387373066231,0.6311733536226081,0.42589873556721497
179,12.750418882919865,72.5831883030299,wheat,0.2194612966276893,0.5559373235038795,0.40392261504865073,0.21371076943926384,0.593720289685444,0.48518278664477366,0.3957932270353458,0.6015106817469024,0.45488139372770064,0.26834444640733346,0.5977270714039362,0.44797634688956145
180,16.82132702100517,89.08102054517445,wheat,0.19498645759049438,0.5304574598915666,0.41068411466773924,0.3001771716051311,0.5799278178402025,0.4868451072990919,0.3089625872509706,0.6183895274256094,0.5167739590019298,0.3137233815995804,0.6201144185172364,0.42689840791878214
181,12.269470424811782,82.1234926890176,wheat,0.20440141059299968,0.5354834249783704,0.33817176554589023,0.26257057028098135,0.6311971406218823,0.46125098691779426,0.2774462684971445,0.6179659123526242,0.4674986045620314,0.30842579386368574,0.5678442830087953,0.4380160215612253
182,28.493872365571256,74.57285611006925,wheat,0.23619526899525073,0.5403895807541704,0.3929220020954957,0.22884964432724775,0.5818315338078941,0.45572187577434387,0.2872092721138337,0.6785092277592073,0.4836608088783957,0.25681366996529176,0.5533872370195181,0.5029916536749954
183,27.54678706761962,83.43401368811713,maize,0.21291458135261088,0.5321893414329804,0.2725933199804618,0.27862472301250857,0.5470809241710146,0.34263235073740667,0.3883839479497325,0.6884957778119356,0.5838540566431696,0.3272580132747266,0.7143932261120218,0.5348674454200609
184,15.158832554303112,82.36256480915792,maize,0.16563487631974788,0.5709161748385808,0.3217989911570411,0.2048275988721419,0.5623339951978391,0.39794097861743594,0.38125173992176553,0.7427248544801245,0.5264684605118046,0.3275736450640362,0.650798634859189,0.5560951782975412
185,23.19968092068358,77.16325436065681,rice,0.11731075224214982,0.4716002009437656,0.3295556301439662,0.2544022309554627,0.5437459536837878,0.3912272555568297,0.34225195118045626,0.6394798360563276,0.47779344266486873,0.26440805895160063,0.6555838416394321,0.43699407885986347
186,26.344444004024318,72.27115184399258,rice,0.1308962721886107,0.4416290779134064,0.29024910009679067,0.18971363415327308,0.5861982446459175,0.40128507501573696,0.31540384521224585,0.6150302222504758,0.4739572998746703,0.24433605289940025,0.6769452707580037,0.4620421680774586
187,21.10401623198925,83.43146391185599,maize,0.15411672707870638,0.47642041902095056,0.3463385107683842,0.188232772388302,0.5548821270685089,0.35895054883501565,0.36750632909035663,0.7611160843199014,0.5827174621785354,0.3315677547149245,0.7102140000941949,0.4558591282769195
188,20.59301156712013,80.40615401807587,wheat,0.17549192987038292,0.5627249783920575,0.39603518226932694,0.24832692767026882,0.654780291406408,0.4427758084760355,0.33445337127590263,0.7013184011774578,0.4828096551631366,0.2922115686137361,0.6245366897407508,0.4325892289776201
189,14.837045818009035,85.44636783471279,maize,0.2008043673574198,0.45856866190538675,0.3760023686928058,0.264449902073878,0.5617637421797255,0.4596182799769242,0.3461144825940968,0.7408560870025199,0.5553679387017783,0.298181848008102,0.690084348890787,0.4514087360393594
190,11.862055356117985,80.40327002223987,maize,0.1682396208024261,0.5091145578681463,0.3252429265748138,0.27887761571592384,0.5638263189055306,0.42734088166524165,0.36739571855885395,0.728512530709845,0.5308901353167261,0.30848951552616194,0.6731757122013978,0.48633895583336856
191,27.944315159066534,87.0436300063708,wheat,0.21106019926618705,0.565685064641065,0.36607309489920026,0.2667498073756517,0.620337776140178,0.4483508322849991,0.3033981123161329,0.6468665234438759,0.47097073775588355,0.25085029796376146,0.6112922857829255,0.4292497954393633
192,28.008361143266608,81.0381367754897,maize,0.21179809152139864,0.5216468751537843,0.2837034188187437,0.22011087015543543,0.5635519361522476,0.4031726137381444,0.3287932229603795,0.6903637997729775,0.5194181088452161,0.29146247202900094,0.65528193539084,0.5224821274952159
193,22.66202914546536,81.21875943070772,maize,0.1985101784873009,0.49307400878465696,0.3585913433789841,0.2503438910622507,0.6050000173534091,0.43791120032964004,0.37566666977062135,0.6945944710162391,0.5247727636796176,0.35933446649058604,0.6584267164565245,0.5199062077152279
194,16.780595820974014,87.5330720531669,maize,0.20050707969601433,0.5435978198996311,0.3209391283352311,0.26024427746592643,0.5468541162081244,0.3746105206760279,0.39948442682971763,0.7574885671589,0.547849500771257,0.2668305917447903,0.7414943628735778,0.5370931436495155
195,16.984191492253217,78.06965732424794,maize,0.13902132866398398,0.45984182600830253,0.30431000022728916,0.1977254730238485,0.5866162428104159,0.4163043813601027,0.3821183167993756,0.7433804701171599,0.5373146948865314,0.3646077102995078,0.6800204845687245,0.46900907414904075
196,24.519113577404788,72.68030456901282,wheat,0.1881998356301792,0.5327889998818427,0.41627120439934856,0.25228016174237233,0.5853626577556289,0.408464428510144,0.256851660650479,0.6449353483042997,0.49932424819479343,0.2386114550563321,0.5729384533692746,0.4205737458309452
197,27.942205199051543,70.57565352626678,rice,0.14807326703524837,0.495458829648734,0.30101359175345627,0.2083504590393401,0.5041849643023106,0.35494964415459596,0.3143287920567982,0.7244194258059322,0.49884914367126465,0.35230581110541515,0.7090739341840745,0.49086306974270444
198,27.741728485302346,85.10274511347238,rice,0.19712961272535995,0.45497154569896125,0.32567984921877124,0.184723599122026,0.5183473189546992,0.3731677298594287,0.23836394348632597,0.703858523512149,0.4450822706446407,0.3008034770054094,0.6533687260938885,0.4750505513550637
199,25.597510917152476,82.4061910270693,wheat,0.20086234468804454,0.5492693622321706,0.3704983323890242,0.2661626797733911,0.6647192463979651,0.4004540334973308,0.3275768680372561,0.6521015648933954,0.4988046616165664,0.26119848326230105,0.5739101075617592,0.4623257591449981
200,22.840632923085757,84.08159536198447,rice,0.1713930290812269,0.5455229020014136,0.32891732820140374,0.17460920840339084,0.5537880320870221,0.3432467809907504,0.3029158105490027,0.6932303085786324,0.5284281873000019,0.22266372499745832,0.6620810940797421,0.46744975427547647
201,11.682799299900976,74.25928323017821,maize,0.21635831956159202,0.5207875586909483,0.3212696383086032,0.20544082493896396,0.6165387745691667,0.40599431301156136,0.3281119259057777,0.7188294144186737,0.5171856577579388,0.3715904819178853,0.7034639000459438,0.4355156841109337
202,13.232574281892276,72.7274295117354,rice,0.13095862724469265,0.4971152162506355,0.2843230260476861,0.1824527703974669,0.5204603564545822,0.3000581694752118,0.27840679594909273,0.7416707308888828,0.47003733105611617,0.26698604262280695,0.6657779075619392,0.4623435320570805
203,27.971083770541586,70.29089331335764,rice,0.1506907688384529,0.46258055092338146,0.3516195731354863,0.18563724285434935,0.5262242965865437,0.3810137889424119,0.26347054589385255,0.7191197404906922,0.5116571045631443,0.2417598157118803,0.7317632890582197,0.4720070756658033
204,22.1285811931918,77.01175117613194,maize,0.18783751593701567,0.4818241753772332,0.3344642392703245,0.25692623539464204,0.5646041090645981,0.40792060244001005,0.3608425195181931,0.7074627136270233,0.530031057690471,0.32093458239052136,0.6562730185499734,0.5307404258590643
205,10.183941032332593,81.79835373709267,wheat,0.23835355587821896,0.614268110758356,0.3787672936041463,0.222379792207619,0.5818285523098998,0.4248987662776714,0.27995567743383015,0.6848563490782458,0.42254404080285457,0.3058718041714828,0.6337630435324431,0.4345632748034569
206,12.029430857320643,77.84488090199464,wheat,0.20573297204059712,0.6018262951030213,0.3698078452714839,0.25508082472108234,0.6222628611602792,0.4198944613242521,0.35619893328652635,0.6221794059742828,0.5141302072863445,0.30859375136128264,0.5643176432139801,0.4205188088503572
207,23.270035382161115,78.74949844047458,maize,0.1689216858226139,0.5515813371862189,0.3218576600638536,0.27055042836125526,0.558462433277572,0.438170605003203,0.31120575368724057,0.6592257638066586,0.5373573108915745,0.25190588736518105,0.6566044116133509,0.48015411181104295
208,10.101231676924375,88.08317388987497,maize,0.18430165402026752,0.5597754605950436,0.2738330182870279,0.23688642580523064,0.5730842612445924,0.42197476308339404,0.36717170933527027,0.6878744274394668,0.47113797716755557,0.3191606831409813,0.7124595442774984,0.4444453640683409
209,13.216161028349973,76.965109340466,wheat,0.20139309644468448,0.563089710090221,0.375467371427444,0.2075885650928506,0.6089787774121947,0.4114031585201817,0.33240144197143945,0.6571510694820436,0.42512524035892973,0.2953925626029188,0.6492801885976789,0.4796391209681904
210,20.974675787331723,80.27978978319622,wheat,0.15920431577060243,0.551140104345046,0.34211174739314393,0.24666321815953898,0.6390522386819639,0.4458916234237014,0.28658034313023745,0.6792559288934729,0.5059763861302496,0.30175287360543995,0.5729813779605639,0.4825880901354091
211,23.837903953853864,85.67306025482286,rice,0.14157030567711118,0.46165844257834115,0.3371601883490142,0.21078427392641377,0.5372920425481548,0.39326716068763895,0.2850404602159759,0.7484890012816574,0.45190004207818374,0.22956560819877758,0.5970193120674293,0.4660495871538777
212,23.03922519005201,77.9308556464254,rice,0.13870633023299395,0.47721167380159235,0.2988581469316735,0.2704722736010227,0.5090314778742956,0.38286200427260175,0.30835634603834455,0.6582179358349901,0.5100652039163865,0.21979783786628196,0.6804966904436642,0.42910083175669195
213,14.485386189211196,82.44173400455747,maize,0.1267129430130504,0.47700030236649954,0.36691198590661395,0.19360556939493836,0.6153917562508213,0.40866170988475065,0.3635181023858761,0.7773425726141917,0.5487450434436609,0.3280744751613354,0.6395127136534541,0.5093519123787814
214,24.24358442695072,87.2472741749349,wheat,0.22238760698081664,0.5536009398015479,0.3317984735221712,0.2228827707560563,0.6468453359018056,0.4536591562571153,0.33843049085205335,0.6650328250981954,0.5088011541048275,0.2954853486134488,0.6191517577682515,0.42198729302783883
215,14.744981749936002,88.99041247315284,wheat,0.21936452543423227,0.5684055391819125,0.42283515189674914,0.227934101722307,0.600960124471973,0.4276522065887554,0.3020356653158221,0.6556874484979623,0.44227100709354406,0.2607555521433115,0.5901414457275305,0.3840038014591815
216,16.507993963185356,72.94146961858075,wheat,0.2648976416991638,0.5193162230440479,0.34959115955045017,0.28708279525631314,0.5773974638896144,0.46932590243165784,0.32558321025366654,0.6800313827770142,0.46267557136136245,0.29295767634021824,0.6180956229324702,0.47022541069510765
217,24.92982810236048,88.53175250322988,rice,0.18936668675670337,0.4728149423393475,0.2738724561065248,0.1785186969117248,0.520776344613509,0.316513148467369,0.2950249477301264,0.6989634812813811,0.5101583382344349,0.2729665007227776,0.6565559325372281,0.46138237664899456
218,22.992657980944294,79.84232586159077,wheat,0.19076665295141,0.5422787038772997,0.3452582295163108,0.28273930361782806,0.6137991642881735,0.3907493265759948,0.31454198451883425,0.568903031210023,0.4418288599454219,0.3040122857568305,0.5836765799365742,0.41946110522719987
219,26.98446820988356,75.16488776597916,maize,0.19225958434442011,0.4835132859227426,0.37824625123836164,0.2796118333509832,0.5858232289286007,0.3503533769131511,0.29390550981403507,0.681586332869926,0.5056083632584957,0.2996820534021326,0.6675435869628419,0.5287952706465603
220,23.15225784600687,79.18271512476522,wheat,0.20657450982991818,0.49994247778367235,0.31039829659188856,0.2682741436272153,0.5796685389074367,0.41919021622160846,0.27460930035027376,0.6703362595859272,0.4685523690913379,0.30262873989440725,0.5951162128178311,0.46371876797488304
221,21.36617206670943,89.60065150570955,maize,0.14911885475453784,0.5257876366093941,0.35954565974018515,0.20407087306564106,0.564063571161772,0.37119861114161606,0.31514648468262907,0.7256843946366324,0.5004000279038275,0.31454344818575275,0.681020822332167,0.5013382860363617
222,11.87349535656185,79.8523618798574,maize,0.13941989142469396,0.48838608050631455,0.30586942988725546,0.20994586656485645,0.5945162995356411,0.39631873199212825,0.34150583309768695,0.7502233191958559,0.4843796695866786,0.37590585596590054,0.6833411780552017,0.4912645484145253
223,17.35431606118867,76.57503220575016,rice,0.11884770612209483,0.5135050132658986,0.31565286262755704,0.18750124083153613,0.5711028375036193,0.3644745170977058,0.25364578595973825,0.6514985987515596,0.5015260621601769,0.2395585929479128,0.6770031517855254,0.42778934023246745
224,15.304047353634509,82.66801708633452,wheat,0.20748151051132266,0.5619766936781584,0.35583114756931494,0.21723061705982263,0.6604016174257986,0.4034953303819158,0.28069350503047613,0.6303777295061773,0.46575897147442774,0.3156674011442393,0.6012275752618716,0.3808968854686449
225,14.87979286758167,74.80291237556386,wheat,0.24732359839290424,0.5694158781910823,0.33530730619777505,0.24050774650915593,0.604096059932482,0.3690039014878082,0.3308988245274348,0.5950810130943063,0.4983898159680802,0.30124911541603194,0.5699343763265557,0.4667779201489793
226,29.460211095048912,71.51726656217328,wheat,0.19714113402839145,0.5355044061310188,0.4242604548040911,0.2863929309993755,0.5890403534606368,0.422519579424719,0.2899567400368038,0.6653360779857495,0.5143092623835882,0.2905434462262475,0.6222247303626037,0.40366484212157655
227,17.861954493335208,72.57759443821298,rice,0.2082634256720312,0.4855924850923214,0.3066216885841652,0.19810630960666256,0.5107789065330711,0.30844956719846756,0.3022737674077786,0.693118530044336,0.46016714434600625,0.2890347807207561,0.6402788233801583,0.4624324762870247
228,27.840931103542268,72.56091677915545,rice,0.1848468907055387,0.45805104783274414,0.3233942137115907,0.21187396546129242,0.5020638359651549,0.41609103322962554,0.2608723737377211,0.6925415243869997,0.4974864456879423,0.28981346643591316,0.6585310490742465,0.44558056175535277
229,22.622772519945258,73.03805387024589,maize,0.13432922441346326,0.49863766346203287,0.33395525398157444,0.23027013503468866,0.5469312355049073,0.4028011712282995,0.3409742075857752,0.6823523199599312,0.4811832250639632,0.34994781486905224,0.6746272014495154,0.5002191330356228
230,25.896226070832967,72.77654345298821,maize,0.21338065124969774,0.5007616526162723,0.33980436054311625,0.2666248126214432,0.6004407853132884,0.36609388825978223,0.3137156919374358,0.7255413142434325,0.49433657490663124,0.30226307656865703,0.6918745934328777,0.49388251712797654
231,20.052741862103844,82.81749489606429,maize,0.16112209818921633,0.4424098053140703,0.3579638316868573,0.2456192792965667,0.592258219231053,0.4723503002673526,0.3616693618805655,0.7481374661253196,0.5137293712710852,0.28207202491213706,0.7007856726745344,0.464558586641795
232,21.53807769252718,73.6376016879829,wheat,0.20837064577311018,0.597219602898701,0.40529451268027905,0.25425150740919716,0.6055404091759472,0.4213475747485015,0.28789054610274006,0.6912097563548888,0.5168705143236987,0.31210450714949284,0.5846035930058524,0.4619229235719957
233,19.850353876377277,76.91334566647727,rice,0.19272585011811094,0.5367132205546734,0.30910650016533303,0.20790652435864357,0.5310992506139832,0.3424183625364574,0.2865004935689286,0.7187984091178921,0.4545083144579683,0.3012174315563435,0.6813423173839649,0.5361814486834858
234,13.90485975596089,87.93576819812023,maize,0.22601183129749497,0.49958486761717286,0.3600502146615424,0.23244596501085732,0.5707657458658334,0.44549182165760715,0.3575442082682153,0.7203749796572175,0.593597774125797,0.32018948047170687,0.70203912636378,0.48355957969028707
235,24.44904230523011,79.47923280525745,maize,0.16392595610843105,0.4793081667780748,0.3179747860366451,0.2338986559035432,0.5548424260465831,0.4180635496117745,0.3441719260406444,0.806052091670003,0.5192236097231439,0.32359629661948686,0.6504258857399653,0.5206383971504145
236,15.615447248817116,83.35115477042055,maize,0.1287792612722116,0.48520631532800684,0.3424598666924068,0.22130544005930397,0.5533995723314963,0.40216110583851233,0.3273262549952491,0.6699420222336541,0.5403325031880408,0.3448859756208995,0.6714753470621362,0.514650356241295
237,10.486319328629076,73.4463974240326,wheat,0.21823689529149617,0.5132270301099298,0.3543554896446683,0.3195798861994508,0.5595862113141091,0.4704034922972639,0.2713463226195194,0.6458765445611693,0.4581349592026509,0.2792043622225282,0.5931420025397994,0.44042819203509304
238,22.909445918143355,73.84578037617342,wheat,0.20559827369469075,0.5060687535937054,0.44257307416032926,0.26179953518183113,0.5708515788446804,0.4439243505366433,0.3127079719678038,0.6785862364160882,0.46872334378766417,0.2535437604631685,0.5701695187617446,0.41138181741810065
239,13.542213588140978,70.81737232532957,rice,0.14611181463924225,0.48147924994560665,0.2597762941776497,0.23852287381844353,0.5719586650752955,0.4126621082837969,0.270899497975686,0.7013669164342569,0.48241710234711443,0.2344283970177769,0.7533873060313152,0.4588031684874487
240,28.809171687058285,73.3787012614433,wheat,0.18660699156348418,0.5567335545567992,0.40445296460974783,0.25576147349470096,0.6360124172383328,0.39427439527012387,0.36187574757729435,0.6983683477396594,0.42449685423337147,0.2751079910816871,0.5231299902361407,0.4277889106121966
241,29.078571540051747,75.57180678063918,maize,0.14650426680154022,0.5433089601040644,0.3537184121384572,0.2367441854355552,0.5960445200903772,0.39363373090296544,0.38146121379249687,0.7517618558965163,0.5470144415951897,0.31394049862297024,0.7158428858563082,0.5100417941790046
242,28.29728780440897,73.54020968553493,wheat,0.20582269978694923,0.5814129490783647,0.3652550584947413,0.24072650607392496,0.5802931716308581,0.48062277699002565,0.2679740125723718,0.6894474336075215,0.4508238980051143,0.2576529206558066,0.594269167121995,0.460589553708701
243,17.403174005108887,71.77405067514111,maize,0.21707434860020816,0.4623047931716223,0.38367466966440295,0.1441131976691709,0.6168694150746719,0.3714424461993329,0.39966221339264885,0.7148159478781061,0.5389319555864753,0.34534498726085583,0.7068394156272162,0.47514554554439864
244,10.309132330577349,72.41271742201202,wheat,0.23220895249579318,0.6005178307437361,0.3000178285537928,0.2540062271434685,0.5685926705195418,0.4616310108657606,0.30072658370018274,0.6991989358811418,0.5039455489929237,0.2597446517507686,0.6723784626483874,0.44317683359345705
245,28.566371251754507,79.21557536065451,maize,0.17532305466189996,0.5243961556024394,0.36113519619474166,0.21110177622790605,0.5608807675891361,0.40232441555556586,0.33549315548460384,0.7431576046451003,0.5326766961782201,0.3880546212018069,0.6388142164555681,0.49955490513593
246,18.563682966346285,74.12667436811586,rice,0.15550177842762672,0.5030651902790669,0.3083495918509653,0.12720823788394375,0.5440923457600934,0.4033760893105244,0.27343401244793125,0.7187022141483974,0.5208823930286598,0.2742609683207603,0.6842410856820622,0.41787281301215234
247,29.333096380873393,77.28539722096151,wheat,0.16920454101766821,0.5362334721139318,0.44372827717772223,0.24542590490858368,0.6160995825758185,0.44246293110405843,0.3423666166624629,0.6722638247321568,0.5234674847064469,0.2756644398785345,0.6235381286369407,0.4575323894141745
248,29.272399541785056,80.06834541709713,maize,0.16355138110528197,0.49163111209004573,0.3636717006212655,0.22723965804750343,0.5937516011065445,0.4077325762042825,0.33163499248535533,0.7332392145509774,0.4991411870920226,0.3544650306733279,0.6905443970105661,0.4396880486067144
249,27.060189109347203,83.80789657258731,maize,0.18480054677558364,0.49160719494512495,0.3425147988378808,0.1854695774914148,0.5173891894419379,0.36274718273555123,0.3647362299623599,0.6980053140867001,0.5785278264483763,0.32855734478007687,0.6206532425187558,0.5103542999165617
250,15.888977841391714,70.78624279682198,maize,0.19505348208502635,0.5237111568815513,0.3823137743561051,0.2315896995343468,0.562461468080284,0.4100252925173469,0.3392591186075904,0.7268698917737801,0.5892158993091364,0.32450548586840117,0.6814080470618111,0.5478657312344071
251,17.701954572038506,85.98820797818085,rice,0.11700544556425865,0.4617532047766572,0.3108314266679506,0.12839210389412983,0.5360625676565315,0.3479822894239182,0.3029872892512153,0.7211032039941668,0.5139010578121223,0.27897362649926905,0.6345580320590848,0.4559745936796923
252,27.022733430337137,82.55800778981816,rice,0.1442601277879959,0.4908934688323357,0.3390098307432218,0.18512365483969553,0.5513307639254682,0.34101645146196763,0.2487941884055231,0.7646478603214942,0.490455488276213,0.24577465474688107,0.647287209539319,0.47558076236913666
253,16.338440103125553,71.63518063897743,wheat,0.20398909022440628,0.5823604250029389,0.3333128259970921,0.2712432603006577,0.6355711246398899,0.41820547703450506,0.29761075826262856,0.6522630091670478,0.4379695338436023,0.2562274023700012,0.5994221886079681,0.4992932175354646
254,13.38985493372185,87.47157248213554,wheat,0.17899637555182482,0.5488447459149788,0.32563803759129323,0.2787010695038375,0.621568599319952,0.3962168228982956,0.313571153887492,0.6019410256430849,0.45722607222541317,0.2707611541108288,0.5921132751237519,0.39307275164866845
255,21.136025249167005,88.41744801063626,wheat,0.23585139886774528,0.5448211810017755,0.4056771129602892,0.22642031618476152,0.6298814305741745,0.4138337967178684,0.2681281941555936,0.6426181253561015,0.4742078272912322,0.22319155999138646,0.6006739767843614,0.4885163772490587
256,28.72309548321562,71.22155919709728,maize,0.21352196447707383,0.5102015388370668,0.3522928838787849,0.21386586337041635,0.5790682320138729,0.3953422285352575,0.34581808398010294,0.6642629564580513,0.48452023917631937,0.3192998059746039,0.7369330105023794,0.46077603603873685
257,23.92059593349946,75.53755296294408,wheat,0.15430439285648678,0.5765097981246002,0.44819257219017816,0.21006301139326666,0.5772961473429161,0.4576624585911256,0.31284921291622947,0.6247026021405143,0.4834048347645882,0.2863988112211882,0.6164135734552563,0.4431306781256964
258,21.4012234017873,86.12402559586123,maize,0.22345497689678778,0.5171183899165859,0.31416736269479284,0.2726642709494647,0.552709497490545,0.34276577326367824,0.3721895945517401,0.7380974250171418,0.5042791422734085,0.36541922737356436,0.6515632184819304,0.4874221698004674
259,11.94352987541537,84.96519380767316,maize,0.16920694062632743,0.5290455398159858,0.38210109910375567,0.26719059175644566,0.5519048087563121,0.3741884496766149,0.2927193173747812,0.7289447539797157,0.5266056897286897,0.3111805966214609,0.6549703086352526,0.5148732033613039
260,22.300144533983396,73.69042038712755,maize,0.14021856941753885,0.4900607485045003,0.3609370981761708,0.20602583292645513,0.5599666133059333,0.38759183399735064,0.38954906974558007,0.739159805059293,0.5060638661526942,0.3313566812699995,0.7029208934471858,0.5425852790328245
261,29.801077002085265,74.18698646673421,rice,0.17480964542929453,0.48933329973429585,0.2990540097616685,0.23291900562631127,0.4976287770142105,0.38551110649159015,0.338355852228308,0.6905411003414162,0.46075580272231476,0.23684684127821376,0.6463975767484844,0.5102009183845757
262,12.80168030473048,77.40944205582764,wheat,0.18323234458185236,0.5695696863524027,0.41652818455531554,0.1949138388069011,0.5573456799977446,0.48153758917803824,0.29438567204986354,0.7151282815249345,0.4507118944023506,0.28003616426086675,0.5645756155407347,0.4130364785503062
263,20.366593047274733,79.69045970382042,wheat,0.21131635625193562,0.5027082352904726,0.3919172736015708,0.2652397398073763,0.6450400095586646,0.47129730584816565,0.32957189987039587,0.6447234256270299,0.48772183133392266,0.2554873410679543,0.6334296508400661,0.4000905912278303
264,27.547461438559107,82.36509543060592,rice,0.19888189185344188,0.4233105212371154,0.37036024020117697,0.15303055905183213,0.564841169613251,0.34967027888450786,0.22536741792116513,0.6717693189800086,0.5093676313652258,0.3082856199732792,0.6061307048210995,0.44231642800183846
265,24.815372355084087,77.37827279139545,maize,0.16759604516630172,0.4816328979647675,0.3267086793661455,0.21547486865299914,0.5887657818497911,0.4566306297202057,0.35218041572988024,0.7517435497526145,0.5501789666036758,0.3315359370564326,0.6337159545437107,0.49155326151099554
266,23.94031481990536,79.25069432266295,rice,0.12678529549592646,0.5404582533138191,0.2626507834804473,0.10977102980918729,0.5615030509421094,0.3780745392647462,0.26206996950235434,0.7073825084594922,0.49058143713094077,0.2668248762719616,0.6500972942489569,0.4125271607792908
267,24.049681679742186,84.94941876267512,maize,0.1878084151974866,0.46744548420326604,0.32561521097802265,0.21778157303174822,0.5743801294478087,0.4166965937360127,0.33765520566313456,0.7310285952062913,0.5131518339278015,0.3149464742156541,0.6610173491034489,0.48423249012202313
268,17.189823024395103,70.73366405781196,wheat,0.24696572087703023,0.5942962104917769,0.3928426302499586,0.21689900181478378,0.5903196048347359,0.41033451734641174,0.33562158154694255,0.6536961442035346,0.4607848195878725,0.29977737005297217,0.6214614394632373,0.434326388276689
269,15.871836885289866,75.04873888688041,rice,0.14903482189044204,0.5187193338276764,0.35933502493407876,0.21713538218657627,0.5377207457771284,0.36051517227579244,0.29110635669825224,0.6759315991858137,0.4203905320530873,0.27907903252135213,0.6819848724546523,0.4845051103429295
270,26.187223109570272,84.26699171769104,rice,0.15546102339302434,0.46808414051562036,0.31327043087365686,0.20730971671108145,0.5801777353538925,0.321565247566031,0.29752942499305934,0.7444588230530961,0.5134788947894955,0.23533771964516217,0.6217730364276962,0.4185820388230105
271,26.202267893583617,87.90413675374398,rice,0.11812632393422545,0.4469319077863243,0.3457875461703067,0.16729374779601713,0.5161751170314088,0.30808595942626626,0.27698572838284885,0.691503458831643,0.48927301498390924,0.2234214660043342,0.6914544795315178,0.44691533675477546
272,27.341446371602075,80.23354884231333,wheat,0.19802749216781038,0.5914027406244236,0.4006024667634092,0.1854132822114255,0.5924750095063486,0.39141147700132967,0.3776869092605584,0.6665445612812141,0.4745664318736516,0.3081271041287968,0.621545571771238,0.4676495033577338
273,28.264811051129428,80.64226970530632,maize,0.15108723221368167,0.47523768410063133,0.3488972663542228,0.20645021571521133,0.5128530630002508,0.35993555292700324,0.3473229753733565,0.7244426825939483,0.599951682034198,0.28882603356347697,0.6978932341274526,0.4459323057275175
274,20.226847977218757,72.14344022679552,maize,0.1512854725531487,0.5884728327592618,0.3538955438580275,0.2258507495208438,0.516378995420948,0.4145810886825291,0.34887288065061556,0.6935679499001612,0.5707164578303078,0.33968923510853005,0.6609714245693179,0.5081031438792432
275,20.030325893743992,78.9482473364691,wheat,0.18334401419920407,0.5312331189547141,0.39776785769360296,0.26165735813592894,0.6398458242554718,0.4292265874073361,0.3173889951964073,0.6513080733911736,0.49138852744011097,0.23177320406893082,0.6131542721642917,0.43617352638867396
276,25.965903579335503,80.65234532910046,rice,0.17774047725275202,0.49042684841410655,0.322394044521762,0.17043381197837212,0.5838372697976071,0.3818005274548379,0.27827827890995377,0.6830327089637802,0.5260735374394921,0.24291650676523668,0.6746332446325302,0.4522713854346702
277,22.999278615555305,74.8494100726946,wheat,0.2564347120832177,0.5618741060031223,0.38343574271908126,0.3247899855229837,0.6166869002820198,0.37194681903311444,0.309773889497465,0.7008515312129227,0.4751926680943281,0.2571182566430136,0.6005884997308196,0.4853346479074204
278,24.03933754515407,75.38486461898762,rice,0.13828029004772174,0.4826009309824319,0.3541866660807641,0.17090768841095977,0.5546348099678575,0.35815326761008126,0.29231650255982855,0.6858605283654664,0.4571418844347159,0.25627935837830007,0.6379730003408689,0.45791099640099675
279,25.91585338872202,77.54568326209245,maize,0.19031363644649657,0.5373403874221035,0.34591876796893617,0.1972515379333723,0.5617940446642847,0.353580880331849,0.2980639608966522,0.6986333770905284,0.5413772209189663,0.3281698808443385,0.6729209003836709,0.5662622812043123
280,27.800106836351326,70.40142395555452,wheat,0.15655958298751269,0.5648209055884822,0.3781260331185563,0.2498178726538032,0.6136766331624482,0.43469503142554344,0.3058315290473201,0.6313205191479665,0.4619084232842029,0.2569257295063811,0.6201858370790045,0.3964647292984532
281,16.759903137030715,76.44158331166356,maize,0.17854042945288645,0.45946776901375935,0.34933926020328654,0.1860815399518742,0.5937305975816065,0.43248073161661216,0.39484814682359703,0.7556020386053199,0.5658095878995919,0.3450072140830971,0.7023255713094511,0.5133207538589403
282,17.51165905279888,74.22896013993089,rice,0.15413828946468927,0.49067006845689687,0.3083791410634157,0.20331605952421822,0.5399034223036548,0.35840730549257604,0.27306791567626965,0.7215525227041492,0.39469888560412,0.22807339979547955,0.6557541108798646,0.4806749337122301
283,11.87963879681738,76.54994704355829,rice,0.14644151884264367,0.48574732188582265,0.28704138724466566,0.1812105417145098,0.5494037909389506,0.39587591517281356,0.3217954377380472,0.6952675905030554,0.49837251575035557,0.2597046557404885,0.7079496542292311,0.43949097153140837
284,21.56560281992348,72.39524263638502,rice,0.13631984482840978,0.4951872296791778,0.3626151286181319,0.2148219175692656,0.5467820570256718,0.41020326829897336,0.3051804734269481,0.6807499953960885,0.49874691030045915,0.209344844357945,0.682006434405176,0.4517881224349972
285,10.718845475934842,87.8105456147979,maize,0.18098390986234758,0.4603262612976929,0.3909987212372914,0.23868133671700806,0.4975748547182429,0.3858662604454636,0.35123976896811854,0.7630900621711794,0.5681770127307192,0.313991990806825,0.6926463825060969,0.5043316306244886
286,19.311960362649202,81.87184907108097,rice,0.15978865043558335,0.5234191709817542,0.31659558062353577,0.11436120011286828,0.5866084868925315,0.3668236583591457,0.30618473053016904,0.7499605575287058,0.43927985117180646,0.22639857732590385,0.6602635096469445,0.4595718894115184
287,20.85289269415153,83.58204638288979,rice,0.15353171264295934,0.4970430961538594,0.3266467542087263,0.17429444404616604,0.5176996261758696,0.36478203879270416,0.2510152982988875,0.6743149047801474,0.4606450136240018,0.28012733744830626,0.6528695004911705,0.46448793872556365
288,15.730825042565687,85.78342477214676,wheat,0.13403582130139757,0.5578202129747173,0.37312220616301434,0.2751547232335493,0.6649500703470325,0.4205719224110399,0.28940501121567935,0.6558382236571173,0.47171170588222505,0.2518029069667341,0.6177544240122413,0.43963733156461837
289,21.816665211380215,79.96884397858115,maize,0.15724513995899791,0.5144559818515547,0.3721462945670465,0.23888588752665432,0.565008094715451,0.39719091433782483,0.3632900639134212,0.7128566869106383,0.5180815753582526,0.36662463896439146,0.6880045518888621,0.5146624693230095
290,10.610004998780989,71.73840576174847,wheat,0.21320043350159998,0.5334908453846374,0.3523810623339997,0.25245488075642697,0.5806944530885957,0.4110189049439527,0.31015451530385074,0.6277258824290586,0.47234911122383993,0.3048842452579525,0.5893787786717692,0.40242819666760643
291,10.746963774984287,80.74213083637096,rice,0.14884426353164004,0.44851033503270177,0.35704255742134383,0.16621838117266852,0.5271244228256021,0.3900042909934165,0.2776183472678289,0.7010669822209897,0.5726565323115971,0.2781137156083368,0.6622982721135499,0.4629348152412377
292,26.452011213193167,81.73682236041758,rice,0.1381461513495897,0.5208768855813736,0.289041342737167,0.19230977964882526,0.5810890867621744,0.3342919329090127,0.2709860215383789,0.7195691845483069,0.4808316815753859,0.24824369703839402,0.644647093261731,0.4730801732566774
293,17.20381282822526,84.9087894836866,wheat,0.18493837326942167,0.5298512989618585,0.36657974769399676,0.2470333104042657,0.6278352038424371,0.37715890798199614,0.2911379576958291,0.6103993246633789,0.46389966910353614,0.27418521583681593,0.582791946813093,0.450908956478749
294,12.541210253037695,78.63319092459359,rice,0.16958574012348868,0.5292184369046486,0.33786472692917774,0.18385856724529587,0.5321339519444843,0.3816945916424309,0.24983195872931604,0.6510599466874878,0.5119287692912865,0.22946707072769143,0.5968575148284296,0.48531518528925216
295,20.444865201096086,72.55160605591128,rice,0.20960851805476854,0.5745617020353625,0.3023031573061133,0.223935313396873,0.5770159923199478,0.39155657915466463,0.29080492551837306,0.7144078150421777,0.4704802051789485,0.22917789345421968,0.7212653373160419,0.47177902346952905
296,25.399871061972217,75.67551811597448,wheat,0.16936301548607863,0.5492333778702567,0.3242112955741384,0.27757229448963305,0.6017103937469125,0.4404080031970915,0.30505382928808844,0.6316469272728414,0.4672361181199869,0.2720645547606817,0.6030556888578595,0.466606621702919
297,14.316420549936863,77.26164592797271,maize,0.17308797857382696,0.516417943921339,0.3457190677379507,0.19587052721020023,0.5642125643044773,0.43977389942626566,0.37854649311722127,0.7213800824175982,0.510513482663741,0.3036967865636447,0.6698263316218989,0.5046672398815419
298,22.457809516380003,82.91834482663202,rice,0.16419661698517382,0.446295179002812,0.31603491933066885,0.1442198968501983,0.6009830794902613,0.3954069062525289,0.26387062726660554,0.6683467697355865,0.4272909130344053,0.24880195262176058,0.6646597499759821,0.47360756570527657
299,11.70694929987536,81.41556609337823,wheat,0.2212506934189806,0.5851818705777809,0.3720498111961575,0.24129176367434046,0.6080577683658976,0.40901897481014265,0.3395279260682388,0.6488888960885476,0.5229594151151414,0.21988412906779742,0.6464706045448556,0.4273771461895684
300,11.033634423372154,77.12193451795693,rice,0.18988354644733388,0.48728646039450824,0.3221683689615287,0.20136474428992257,0.537946149191751,0.31689741892492607,0.29966211489550715,0.72468348342502,0.48489225259612284,0.2793355547493587,0.6719444179536761,0.4125333049976057
301,20.62709263136296,89.7303049758596,wheat,0.20731402141313598,0.566308004637833,0.3453422667854725,0.2580217694221571,0.645854052792376,0.38990249492869133,0.26980372304161077,0.6371209332644823,0.4918275834382371,0.2990625409062768,0.562826787730383,0.361873584301186
302,20.81270243220213,82.11549638713774,rice,0.11829334224539612,0.41753703890433036,0.27499334415659193,0.21675009269635118,0.5704408697972592,0.3521593419057318,0.2478942531131701,0.6711204696424307,0.48203186319141683,0.28784737074032973,0.6582627675036927,0.4615068309749704
303,22.748598029964132,74.74453583471988,rice,0.1647328431788131,0.49659447469137624,0.29663488871538696,0.25569942309685867,0.5153892315598043,0.348652102415296,0.33157121838525466,0.7207830709554658,0.47800365283994883,0.24510404793554094,0.6379464959782624,0.47438522644004827
304,24.52182667445323,72.03564945240808,rice,0.127078950430868,0.4635539910549968,0.3605321867723942,0.18554702086719577,0.5726419989420343,0.3779966086322764,0.25311002024223817,0.7331749919888413,0.4865607749348082,0.2253952272204565,0.6544222655715369,0.4818682358371135
305,29.51704158925069,73.05718278368664,maize,0.15227300567195087,0.5164665150595209,0.36823931742302446,0.24686066292287798,0.6216501333462534,0.36138509294247245,0.31936512627319097,0.692861568750187,0.5373442918890894,0.3813612085205368,0.6911018334580687,0.48060956883219613
306,20.326006966023904,74.91915456769016,rice,0.11569225217404297,0.5377033738447485,0.34658573565754386,0.20973375813057551,0.5559827195796031,0.3894223373930395,0.28657907011601313,0.7258430957689841,0.4979280481493691,0.26803530913599,0.6120181571341707,0.4392294767729862
307,16.45912945882492,73.21362746519111,rice,0.1378188577762289,0.45676155089944254,0.31812081268018294,0.14588411622312908,0.5641911484648064,0.41990131222337945,0.30375577931164205,0.707539499447143,0.48549649146238577,0.2352939508812245,0.7283125949415992,0.44022882175334066
308,25.90372389537407,73.73134048102611,wheat,0.18307764107789815,0.5388815700374169,0.34189232048352686,0.2596509341858804,0.6152350726886887,0.3388321336015505,0.33419635683387133,0.6292273706037843,0.46613559045912517,0.24282224815439585,0.5559742420274267,0.4459684444038948
309,15.416645025241484,75.70190337387695,rice,0.19575698003240719,0.4293245088609821,0.3272937037553868,0.1282413138706093,0.5306328378389382,0.3601510355889578,0.26288078709399665,0.693060971712109,0.45207981496157906,0.24445242083416394,0.6229646400473281,0.44277697974149205
310,18.779428414112722,73.4674719058951,wheat,0.1615908680398732,0.5731509613194504,0.3803968245346043,0.22995728639070853,0.616148882371489,0.4241745528484809,0.33951345202019595,0.6078104760898451,0.49590863213532205,0.28179797890798985,0.6049428252370955,0.4531021565520053
311,11.569127626845319,87.9353084925285,maize,0.2067059523337436,0.49235132619338906,0.3090242828941738,0.20105266812504005,0.568449345648614,0.35808645444661025,0.36420415697105685,0.7551827053580233,0.5608490837349382,0.27757090470515217,0.6762880195970074,0.5296983974703312
312,10.50701486830915,71.60467491323284,wheat,0.22617371984840434,0.4645437213810978,0.416760068590338,0.27976127048609567,0.6321752201192941,0.4781675479000923,0.2964579441902676,0.6475068328211392,0.4649854153073197,0.2883213081387458,0.6015266310556805,0.45212884264885095
313,29.252968293558503,80.49022779140509,wheat,0.21950603533875984,0.5844629710111632,0.4025494981800694,0.24475120729913774,0.5890514181137134,0.4748377764364361,0.23634435302974216,0.6048583887790699,0.5101937391275992,0.32081975787515954,0.6052002499311122,0.47707346575466464
314,26.719602410244118,78.20793653979322,wheat,0.19702472408661853,0.49780858663665706,0.32788498189130466,0.22732764521521465,0.5748237099798298,0.41128711230241183,0.281765340387167,0.6728016789106881,0.4860892657659428,0.24073538802642666,0.607318595937255,0.4078683896105285
315,23.91948412187396,89.64757233817213,rice,0.18850047486008936,0.4658620877789244,0.3111727248309063,0.22534323127345102,0.5001674975329848,0.3600728250507236,0.30557405930298853,0.6827074127099546,0.5045855437468582,0.2997582827131111,0.6290410114845847,0.4760924169967403
316,18.179058888285397,72.24077804336105,maize,0.21105748004171257,0.496236372199913,0.35193781149840425,0.22759495714113945,0.5914896695422278,0.3824920202096198,0.34197076727303616,0.7399625047107533,0.5391718119596024,0.34304310193670673,0.6937341682977736,0.5117728456933527
317,13.465886401416915,77.95711198091483,rice,0.167290141661632,0.42073536686348584,0.3606975015748395,0.1998331911905579,0.5650975619424852,0.4094901605663624,0.24312449206598755,0.7441310407245131,0.4315188473403273,0.28481346285697307,0.6467922238684081,0.4910164316477263
318,13.128740853421721,89.38940866550737,wheat,0.25539910988143,0.5391267717579061,0.34531115590288985,0.2660952953071121,0.5686557241793689,0.4069336381891466,0.33890983639683325,0.6524731925880352,0.4717809356798731,0.18941463532537528,0.5933039323609558,0.46040648316351346
319,15.004857963291906,87.3101425178796,wheat,0.16789745701021544,0.5164099031612157,0.40322313563964646,0.22304596054626888,0.5410093023187199,0.4390632276822507,0.2993139581310335,0.6062734550160521,0.4884315077743083,0.28551548634261087,0.6446959031580625,0.47577522537433925
320,20.984533294122407,86.3414414189856,maize,0.12461436413285717,0.5098363857247807,0.3942791904919933,0.24461032037837369,0.5842377142026238,0.4311513655305795,0.3754031232564948,0.7782365230939124,0.48769010553427,0.3442629204757987,0.6650920392464607,0.5055283975580097
321,24.291918454001248,75.1580565408988,rice,0.11401898320330209,0.5025329836352193,0.3139894226661751,0.2353553806939527,0.48809790542561643,0.38389730815590917,0.32356353097547685,0.6790151433949707,0.428489276281474,0.26473922936754357,0.6986422717455714,0.44777619678125197
322,23.203947534354626,73.41775174780132,wheat,0.15423424487225784,0.5111595557283729,0.3455253781938507,0.25084543472107385,0.6616862138982096,0.39504843682435126,0.27002093303115265,0.6407237276885042,0.427873715437945,0.33401533544532563,0.5519728806457045,0.3866423724798045
323,15.598677938918858,83.37286439848862,maize,0.1521146741942277,0.5025767901887999,0.33345862313822877,0.2189916230588886,0.5160830056057839,0.3544196177356947,0.2861831773894551,0.6936503076846078,0.5109152666814747,0.3061332879617735,0.6745229307686138,0.4757390191816525
324,29.09730561326388,88.58751978255171,rice,0.1541115804583619,0.4180475086123104,0.32695526276404546,0.15879791333090754,0.540479485232724,0.41302954533563924,0.2804244779489728,0.6688880177929001,0.512175414841047,0.22184242996661832,0.6604352699778796,0.4872388694088115
325,24.75793833391537,81.1352578602786,maize,0.13510412234729763,0.43342098881757396,0.3145709821414274,0.23364222736423404,0.6030462164989521,0.3150353320566829,0.3470271709927619,0.7086597630294534,0.5327808140921686,0.34273181813583037,0.6503012662234396,0.5441052379580428
326,21.087081050228015,81.432253789398,wheat,0.17924275790356267,0.5848248036213556,0.3682610055000893,0.24972643010067389,0.5669037490283495,0.434053756994584,0.28485675236315344,0.6274353078322825,0.4411969759327058,0.31716839058818314,0.5751450892565926,0.44958955477756934
327,22.234414924687044,75.59958187320568,wheat,0.19863241950933508,0.5359689639606433,0.39150156297073657,0.2825768669749473,0.5933623912924268,0.4479824083515407,0.3252186007951366,0.6595752353125754,0.43918224980802834,0.2862897824582388,0.5969023571955285,0.4248746050697699
328,18.3920012485558,85.38985866383874,rice,0.16905100026705208,0.48085372743549476,0.35438090432426195,0.21559706418586258,0.5782354559925992,0.3836618400902951,0.26210765776093364,0.7199610680509848,0.5052106081640607,0.26634189702411976,0.6229159261190862,0.46370439427493787
329,14.954619790023148,73.74087497115046,wheat,0.20730018347968077,0.5603951164519215,0.34594966635409097,0.2642409469863986,0.5916956010033324,0.4618079967165292,0.3164020070460414,0.6902135133806944,0.4792882928429112,0.2652509144310386,0.5507043356653749,0.43755431980695064
330,17.119453573025233,76.47358472808487,rice,0.16526608688735794,0.41766564540431406,0.2966788554546228,0.2560645352163156,0.5557569320761911,0.3402865014386019,0.27102454682717697,0.6761158959044051,0.4882781390477789,0.2918797187236258,0.6976301508227202,0.45627142668512694
331,25.15692220928738,78.50872877232834,maize,0.16049928196779306,0.4931060110827442,0.32043733334220814,0.20450711068337285,0.5864618951636886,0.38646523424773,0.33191538032648116,0.7269433776757671,0.532730031870225,0.36838556009280476,0.678949771699813,0.5249410823599933
332,10.287869772595117,80.1522075736891,rice,0.10468619249557763,0.4703910658639007,0.36676367553490685,0.212591168250718,0.6084502793436944,0.3350061493566658,0.3042675780817816,0.6714980950760161,0.44813654485734783,0.24873099002703394,0.6819300188035645,0.4536584731054609
333,12.321452810138325,74.8481946483016,rice,0.13329046455940385,0.529301344674136,0.27408615770769873,0.20829744516773147,0.5807532745774533,0.32845463252823215,0.26246634124448687,0.656691872134907,0.4687626717797777,0.3005334226996015,0.6761530487164936,0.4823983409380647
334,10.920052840435055,72.29673649478407,rice,0.1580776670755385,0.4908194367430738,0.36888926393338395,0.2002566824247305,0.5303830483502328,0.3948615550427542,0.2575192693173167,0.6855127048161844,0.48211759756940487,0.2987823586855462,0.6814720272351252,0.46976733450361213
335,10.814576046379402,82.21240084883266,maize,0.17749686090628916,0.4744578069721906,0.30731100887972834,0.21410600249715708,0.5952480591902376,0.41655222399732755,0.3629678885190246,0.7393946861317731,0.5941762653036942,0.2634954348193781,0.6556699740911347,0.4884123748789809
336,27.109211680220145,75.77261106480512,rice,0.1760887272855157,0.45409519185105196,0.3088197324814408,0.15287355628622265,0.5508194013955432,0.41065790469261026,0.2733539020724879,0.6975185492831052,0.4421231809427766,0.3099119849643042,0.7318308570174735,0.5282747628294291
337,24.073157187600472,81.62476442845224,maize,0.1365106434090441,0.5052563425672554,0.3164571427561689,0.21382421707358978,0.6977871311930898,0.43600785249216484,0.364101325621046,0.713529970873571,0.49342036172803,0.34508234422472445,0.6465786064951402,0.5350547456104581
338,19.483476581746505,73.08725430548405,maize,0.1523442056062406,0.5895577700781023,0.3288847570422991,0.19760264960379284,0.5174766118150423,0.386105159137438,0.3287712231553392,0.6938111672863889,0.5501676772550762,0.2552018753900977,0.6877598344356617,0.4900728748484438
339,11.95668321302003,79.62280203709635,maize,0.14988127883755503,0.5110244499642291,0.2978329894246407,0.21469677510652654,0.6317408994928332,0.3876572017865199,0.3286347840747187,0.7464422258677071,0.5796733932498486,0.30103005589430376,0.6863821932757299,0.4815398952246689
340,19.832317502336647,80.65178865103172,rice,0.09411616536700161,0.47906389533182747,0.31271903756524155,0.24066718807131046,0.548578878923667,0.43048086424159143,0.24469113661690098,0.7072927518298209,0.467829140259303,0.2691572937959406,0.7255528468510835,0.4344332607100803
341,19.469435415611315,71.03647073644854,rice,0.15513628073560426,0.48054050616133337,0.2632996948645117,0.18167427080584803,0.5025346970996162,0.4002931599696972,0.33461631723825447,0.7285391873289845,0.5095699101453004,0.27762175099418035,0.6393985397099011,0.4755430510608993
342,13.464037398200304,76.73208556387841,rice,0.16429146309636858,0.49417891037530215,0.3063561584786692,0.2151344976914905,0.5217880325054695,0.4098851573260496,0.26300816226355833,0.7158069377099737,0.5328191609286765,0.3024256186499327,0.7087165497843346,0.44412396970565465
343,18.67703298475946,72.68829353877949,maize,0.18621801988196832,0.49059410941482806,0.3404685500184881,0.1735414510340876,0.5713765744179893,0.4346170220276724,0.3466800389432801,0.7416340608763674,0.6031434923626838,0.37887499094702837,0.7034862120484572,0.4822089064755914
344,17.97009468794747,71.26749940945535,maize,0.1820803301110875,0.5276540450593176,0.3670683152135994,0.20526538758573687,0.5886198671320902,0.34390774900913734,0.3231007331805437,0.6925117769830882,0.522868077304481,0.3125465389982384,0.667066232912747,0.45186794340735725
345,22.31700196104433,89.7992046477989,rice,0.1854883596554864,0.4389942491015752,0.2888058040691935,0.1531089708028624,0.5331771727906043,0.3575995100203895,0.30494850358541215,0.6942738334134045,0.4774169574202435,0.2734218181120693,0.6714950456927671,0.4339213903903407
346,22.701873017352874,76.44707689949446,wheat,0.1927629182643101,0.5485923826336245,0.3781612651843788,0.2492491912376457,0.609222200934273,0.4219953777056014,0.2928320370249092,0.5937448259106277,0.5269754499845527,0.30421367789911935,0.5947243678670379,0.4504302945061501
347,10.90608019544089,86.1974889170927,wheat,0.2105616618954289,0.5643112248166937,0.33497923515245387,0.27453298897600864,0.6244721163761788,0.418889787494691,0.2889952676455594,0.6534507823744226,0.5419390043857789,0.25079361400886596,0.6498441049718405,0.4253831430765934
348,17.492252292529425,75.09281309527528,maize,0.1583478733998824,0.5144806366162764,0.31276731459559237,0.21145373519890986,0.5786346326409627,0.38834437674450967,0.3752595108635638,0.7606632840331649,0.549742883581606,0.2947836010677308,0.6922415854051027,0.5191462714125462
349,22.517198314284727,83.63005444447859,wheat,0.1624538172742867,0.5523046567318077,0.3569589706814636,0.2917062264705194,0.6258142046507923,0.39866052239730315,0.28824725552868535,0.6451960161330008,0.49414153304322267,0.2942907330806866,0.6006265946488788,0.41972875762515166
350,20.062725171601755,85.20455719779373,wheat,0.24331293812219779,0.511510233274343,0.38459345802427614,0.26673430919055585,0.5825076768429318,0.40019358937880417,0.2723276944650449,0.670140202293514,0.49002533424833367,0.2951641047749988,0.6069210271715605,0.4410245725246407
351,27.129796823766444,81.91277481215688,wheat,0.19753546464822294,0.5798880045834143,0.32721018799404994,0.2503105785953014,0.5949863485864076,0.4182056332429542,0.3484612706840832,0.6563958988471307,0.4209682679754178,0.31180629722496644,0.5621950570448225,0.40738262183411594
352,23.173872632378902,79.43152377100317,wheat,0.23351887494764384,0.5351873025051607,0.38821424213881195,0.21064491302949523,0.608477398514649,0.43602096520448536,0.2903303859236598,0.6274409200478355,0.4587197860079793,0.36278980116733234,0.5815091577588156,0.40742524613344444
353,13.258688541628594,78.23681828294536,wheat,0.21028176039133115,0.5033025430402075,0.3744108660321996,0.21804659010773883,0.5925392662144936,0.45240753878699747,0.3365147556247649,0.6404283819300015,0.4513664874427528,0.291772479015363,0.5887441085902819,0.4603811984886951
354,11.411374948008596,76.97736533085991,rice,0.1807857275271231,0.4977770182154199,0.3017706096387958,0.1646162100647666,0.48891338491432196,0.3403075254976843,0.2862841025094332,0.6940541297086084,0.5126946506294829,0.24496297676629364,0.6749728744841326,0.45967398588895086
355,22.84838556412631,88.59058288495652,maize,0.18530462616418195,0.5126028347135553,0.38557851770925305,0.2123146074251386,0.5672729099980587,0.4057127166977517,0.3389237839865766,0.7551059612758981,0.5520928107159593,0.32406186813045956,0.69652392716821,0.4500656536498495
356,10.530226210832437,86.61238815575459,maize,0.16359959746238203,0.5182055177964702,0.3553237626558278,0.21275507662387663,0.5629050121528372,0.413476561638551,0.26279035342035073,0.7240288949174337,0.5408644519465986,0.39203719014490657,0.6933432142349479,0.4681466850620271
357,21.715511625469265,89.30053821333026,rice,0.17747713956426417,0.3988682510519167,0.3158806710263336,0.24305262197666708,0.5514248040475493,0.4005023799725266,0.250463978485541,0.7153047240674555,0.43257819788237595,0.24654371490416416,0.6092318750507002,0.4641205743822111
358,28.80460482849915,72.4859444697109,wheat,0.21370259657461352,0.5371565451710226,0.39157469863251443,0.24084325886935998,0.6482203672805997,0.40090463147958966,0.34563948155767354,0.6261192242958954,0.4563745720524665,0.2647310912287751,0.590468547097313,0.4055361789452403
359,21.50948355751758,84.61734950407289,rice,0.13600178479894198,0.46110346342908565,0.3487337484341872,0.18958093133126472,0.5425278446604088,0.387530422567182,0.27982135872361813,0.738177104887857,0.5097835372334083,0.2671566486132122,0.6548884270383541,0.5475452066518027
